"ANN ARBOR SE, MI US (USC00200228)",,,,,,
Date,TAVG (Degrees Fahrenheit),TMAX (Degrees Fahrenheit),TMIN (Degrees Fahrenheit),PRCP (Inches),SNOW (Inches),SNWD (Inches)
4/1/2003,,,,0,0,0
4/2/2003,,,,0,0,0
4/3/2003,,,,0,0,0
4/4/2003,,,,0,0,0
4/5/2003,,,,0,0,0
4/6/2003,,,,0,0,0
4/7/2003,,,,0,0,0
4/8/2003,,,,0,0,0
4/9/2003,,,,0,0,0
4/10/2003,,,,0,0,0
4/11/2003,,,,0,0,0
4/12/2003,,,,0,0,0
4/13/2003,,,,0,0,0
4/14/2003,,,,0,0,0
4/15/2003,,,,0,0,0
4/16/2003,,84,51,0,0,0
4/17/2003,,70,34,0.08,0,0
4/18/2003,,52,34,0.14,0,0
4/19/2003,,61,44,0,0,0
4/20/2003,,70,46,0,0,0
4/21/2003,,74,48,0.62,0,0
4/22/2003,,57,35,0.03,0,0
4/23/2003,,47,29,0,0,0
4/24/2003,,58,27,0,0,0
4/25/2003,,64,28,0,0,0
4/26/2003,,66,32,0,0,0
4/27/2003,,62,29,0,0,0
4/28/2003,,72,31,0,0,0
4/29/2003,,79,39,0,0,0
4/30/2003,,66,,0,0,0
5/1/2003,,62,50,0.94,0,0
5/2/2003,,75,48,0.57,0,0
5/3/2003,,57,35,0.02,0,0
5/4/2003,,62,30,0,0,0
5/5/2003,,67,33,0.59,0,0
5/6/2003,,77,47,0.03,0,0
5/7/2003,,73,46,0,0,0
5/8/2003,,56,47,0.28,0,0
5/9/2003,,65,45,0.51,0,0
5/10/2003,,71,46,0.37,0,0
5/11/2003,,75,61,0.06,0,0
5/12/2003,,66,44,0.25,0,0
5/13/2003,,50,44,0.01,0,0
5/14/2003,,67,34,0,0,0
5/15/2003,,73,40,0.21,0,0
5/16/2003,,56,44,0.11,0,0
5/17/2003,,67,50,0,0,0
5/18/2003,,72,49,0,0,0
5/19/2003,,68,51,0,0,0
5/20/2003,,73,57,0.11,0,0
5/21/2003,,71,39,0.02,0,0
5/22/2003,,61,34,0,0,0
5/23/2003,,67,37,0,0,0
5/24/2003,,63,41,0,0,0
5/25/2003,,58,39,0.01,0,0
5/26/2003,,66,42,0,0,0
5/27/2003,,67,42,0,0,0
5/28/2003,,69,49,0.17,0,0
5/29/2003,,74,49,0.05,0,0
5/30/2003,,76,48,0.02,0,0
5/31/2003,,72,52,0.88,0,0
6/1/2003,,57,37,0.07,0,0
6/2/2003,,66,40,0,0,0
6/3/2003,,73,49,0,0,0
6/4/2003,,62,50,0.09,0,0
6/5/2003,,55,50,0.23,0,0
6/6/2003,,70,44,0,0,0
6/7/2003,,77,52,0,0,0
6/8/2003,,79,52,0,0,0
6/9/2003,,70,52,0.46,0,0
6/10/2003,,74,48,0,0,0
6/11/2003,,74,54,0.04,0,0
6/12/2003,,81,58,0.15,0,0
6/13/2003,,63,57,0.46,0,0
6/14/2003,,65,57,0,0,0
6/15/2003,,82,53,0,0,0
6/16/2003,,83,49,0,0,0
6/17/2003,,80,57,0,0,0
6/18/2003,,74,58,0.16,0,0
6/19/2003,,85,57,0.56,0,0
6/20/2003,,71,46,0,0,0
6/21/2003,,75,45,0,0,0
6/22/2003,,80,52,0,0,0
6/23/2003,,84,52,0,0,0
6/24/2003,,89,56,0,0,0
6/25/2003,,90,61,0,0,0
6/26/2003,,91,66,0,0,0
6/27/2003,,86,51,0.05,0,0
6/28/2003,,80,54,0,0,0
6/29/2003,,78,59,0.3,0,0
6/30/2003,,80,52,0.04,0,0
7/1/2003,,83,55,0,0,0
7/2/2003,,86,55,0,0,0
7/3/2003,,87,59,0,0,0
7/4/2003,,90,61,0,0,0
7/5/2003,,91,68,0.21,0,0
7/6/2003,,83,62,0.04,0,0
7/7/2003,,87,65,0.73,0,0
7/8/2003,,85,65,0,0,0
7/9/2003,,85,65,0.13,0,0
7/10/2003,,83,66,0.03,0,0
7/11/2003,,81,62,0.05,0,0
7/12/2003,,68,55,0.01,0,0
7/13/2003,,78,52,0,0,0
7/14/2003,,84,54,0,0,0
7/15/2003,,85,58,0,0,0
7/16/2003,,81,57,0,0,0
7/17/2003,,80,56,0,0,0
7/18/2003,,86,59,0,0,0
7/19/2003,,80,48,0,0,0
7/20/2003,,80,54,0,0,0
7/21/2003,,81,60,0.74,0,0
7/22/2003,,75,59,1.7,0,0
7/23/2003,,78,57,0,0,0
7/24/2003,,77,52,0,0,0
7/25/2003,,81,54,0,0,0
7/26/2003,,83,58,0,0,0
7/27/2003,,80,61,0,0,0
7/28/2003,,85,59,0.27,0,0
7/29/2003,,79,50,0,0,0
7/30/2003,,82,53,0,0,0
7/31/2003,,84,57,0,0,0
8/1/2003,,85,60,0,0,0
8/2/2003,,87,57,0.7,0,0
8/3/2003,,82,60,0,0,0
8/4/2003,,81,58,0.1,0,0
8/5/2003,,79,59,0.11,0,0
8/6/2003,,80,62,0.32,0,0
8/7/2003,,83,61,0,0,0
8/8/2003,,84,63,0,0,0
8/9/2003,,82,62,0,0,0
8/10/2003,,80,59,0,0,0
8/11/2003,,78,62,0.01,0,0
8/12/2003,,79,64,0.08,0,0
8/13/2003,,81,60,0.24,0,0
8/14/2003,,86,61,0,0,0
8/15/2003,,89,63,0.01,0,0
8/16/2003,,87,69,0.73,0,0
8/17/2003,,88,56,0,0,0
8/18/2003,,80,51,0,0,0
8/19/2003,,81,52,0,0,0
8/20/2003,,83,53,0,0,0
8/21/2003,,86,57,0,0,0
8/22/2003,,91,,1.02,0,0
8/23/2003,,81,53,0,0,0
8/24/2003,,80,51,0,0,0
8/25/2003,,78,52,0,0,0
8/26/2003,,88,62,0.44,0,0
8/27/2003,,88,65,0.3,0,0
8/28/2003,,84,53,0,0,0
8/29/2003,,81,54,0,0,0
8/30/2003,,80,56,0.16,0,0
8/31/2003,,74,53,0,0,0
9/1/2003,,75,54,0.49,0,0
9/2/2003,,62,57,0.41,0,0
9/3/2003,,76,52,0,0,0
9/4/2003,,77,52,0.01,0,0
9/5/2003,,69,50,0,0,0
9/6/2003,,74,46,0,0,0
9/7/2003,,78,47,0,0,0
9/8/2003,,83,52,0,0,0
9/9/2003,,81,54,0,0,0
9/10/2003,,79,54,0,0,0
9/11/2003,,81,55,0,0,0
9/12/2003,,82,55,0,0,0
9/13/2003,,79,52,0,0,0
9/14/2003,,82,52,0,0,0
9/15/2003,,84,58,0.24,0,0
9/16/2003,,72,47,0.01,0,0
9/17/2003,,79,47,0,0,0
9/18/2003,,84,50,0,0,0
9/19/2003,,78,52,0.08,0,0
9/20/2003,,75,43,0.04,0,0
9/21/2003,,72,42,0,0,0
9/22/2003,,74,42,0.18,0,0
9/23/2003,,67,50,1.26,0,0
9/24/2003,,67,43,0,0,0
9/25/2003,,71,46,0.78,0,0
9/26/2003,,60,37,0,0,0
9/27/2003,,68,39,0.5,0,0
9/28/2003,,65,42,0.01,0,0
9/29/2003,,60,42,0.03,0,0
9/30/2003,,55,35,0.01,0,0
10/1/2003,,55,36,0,0,0
10/2/2003,,54,32,0.01,0,0
10/3/2003,,53,29,0,0,0
10/4/2003,,53,35,0.23,0,0
10/5/2003,,53,27,0,0,0
10/6/2003,,57,27,0,0,0
10/7/2003,,61,27,0,0,0
10/8/2003,,71,29,0,0,0
10/9/2003,,81,44,0,0,0
10/10/2003,,75,46,0,0,0
10/11/2003,,75,48,0,0,0
10/12/2003,,78,48,0.01,0,0
10/13/2003,,69,36,0,0,0
10/14/2003,,72,36,0,0,0
10/15/2003,,52,42,1.64,0,0
10/16/2003,,58,37,0,0,0
10/17/2003,,58,28,0,0,0
10/18/2003,,57,29,0,0,0
10/19/2003,,61,38,0,0,0
10/20/2003,,60,34,0,0,0
10/21/2003,,76,39,0,0,0
10/22/2003,,57,40,0.01,0,0
10/23/2003,,47,31,0,0,0
10/24/2003,,49,34,0,0,0
10/25/2003,,57,33,0.09,0,0
10/26/2003,,50,44,0.36,0,0
10/27/2003,,54,35,0,0,0
10/28/2003,,48,35,0.01,0,0
10/29/2003,,47,34,0.12,0,0
10/30/2003,,44,36,0.02,0,0
10/31/2003,,65,38,0,0,0
11/1/2003,,72,51,0,0,0
11/2/2003,,55,47,0.16,0,0
11/3/2003,,62,50,0.34,0,0
11/4/2003,,50,47,0.27,0,0
11/5/2003,,75,49,0.05,0,0
11/6/2003,,52,35,0,0,0
11/7/2003,,49,26,0,0,0
11/8/2003,,45,20,0,0,0
11/9/2003,,36,13,0,0,0
11/10/2003,,42,13,0,0,0
11/11/2003,,49,17,0.35,0,0
11/12/2003,,57,43,0,0,0
11/13/2003,,63,34,0.01,0,0
11/14/2003,,37,25,0.01,0.1,0
11/15/2003,,45,25,0,0,0
11/16/2003,,40,38,0.16,0,0
11/17/2003,,44,40,0.06,0,0
11/18/2003,,51,43,0.33,0,0
11/19/2003,,61,45,0.58,0,0
11/20/2003,,56,29,0,0,0
11/21/2003,,57,31,0,0,0
11/22/2003,,59,36,0,0,0
11/23/2003,,59,41,0,0,0
11/24/2003,,65,34,0.49,0.1,0
11/25/2003,,34,25,0.01,0,0
11/26/2003,,35,26,0,0,0
11/27/2003,,47,27,0.02,0,0
11/28/2003,,43,35,0.06,0,0
11/29/2003,,37,31,0.3,1.1,1
11/30/2003,,39,29,0,0,0
12/1/2003,,51,33,0,0,0
12/2/2003,,42,26,0,0,0
12/3/2003,,36,16,0,0,0
12/4/2003,,38,16,0,0,0
12/5/2003,,43,28,0,0,0
12/6/2003,,38,25,0.02,0.2,0
12/7/2003,,36,18,0,0,0
12/8/2003,,35,18,0,0,0
12/9/2003,,37,26,0.01,0,0
12/10/2003,,41,34,0.05,0,0
12/11/2003,,46,31,0.65,0,0
12/12/2003,,32,21,0,0,0
12/13/2003,,29,10,0.01,0.3,0
12/14/2003,,30,10,0.04,0.3,0
12/15/2003,,32,26,0.07,0.8,1
12/16/2003,,36,27,0,0,1
12/17/2003,,41,25,0.12,0.3,0
12/18/2003,,32,25,0.08,1.5,2
12/19/2003,,31,25,0.01,0.1,1
12/20/2003,,31,16,0.07,1,2
12/21/2003,,30,15,0,0,2
12/22/2003,,44,23,0,0,0
12/23/2003,,45,34,0.38,0,0
12/24/2003,,35,31,0.24,0.3,0
12/25/2003,,32,29,0.08,1,1
12/26/2003,,30,21,0.07,0.8,2
12/27/2003,,42,19,0,0,1
12/28/2003,,44,19,0,0,0
12/29/2003,,46,28,0.21,0,0
12/30/2003,,43,31,0.36,0.1,0
12/31/2003,,34,26,0,0,0
1/1/2004,,47,19,0,0,0
1/2/2004,,44,19,0.23,0,0
1/3/2004,,55,43,0.02,0,0
1/4/2004,,54,31,0.01,0,0
1/5/2004,,32,27,0.41,3.6,4
1/6/2004,,29,12,0.03,0.8,4
1/7/2004,,13,7,0,0.1,3
1/8/2004,,22,6,0.02,0.4,3
1/9/2004,,25,9,0,0,3
1/10/2004,,18,-2,0,0,3
1/11/2004,,22,-1,0,0,3
1/12/2004,,37,22,0.01,0,2
1/13/2004,,35,29,0.01,0.2,2
1/14/2004,,30,12,0,0,2
1/15/2004,,25,4,0.35,4.5,6
1/16/2004,,14,2,0,0,6
1/17/2004,,22,4,0,0,6
1/18/2004,,31,17,0.16,1.5,7
1/19/2004,,24,14,0,0,6
1/20/2004,,19,5,0,0.1,6
1/21/2004,,20,-1,0,0,6
1/22/2004,,33,4,0.01,0.1,6
1/23/2004,,15,-1,0,0,6
1/24/2004,,13,4,0.18,4.1,9
1/25/2004,,17,-10,0,0,9
1/26/2004,,18,-8,0.01,0.2,8
1/27/2004,,27,14,0.17,1.3,8
1/28/2004,,28,17,0.38,4.5,11
1/29/2004,,28,7,0.02,0.3,11
1/30/2004,,14,-1,0,0.1,10
1/31/2004,,18,-1,0.01,0.3,10
2/1/2004,,24,1,0,0.1,10
2/2/2004,,28,1,0,0,10
2/3/2004,,34,16,0.12,0.4,9
2/4/2004,,36,15,0.01,0.1,9
2/5/2004,,29,7,0,0,8
2/6/2004,,30,17,0.08,0.2,8
2/7/2004,,34,22,0.02,0.2,8
2/8/2004,,30,3,0,0,8
2/9/2004,,30,4,0,0,8
2/10/2004,,38,26,0,0,7
2/11/2004,,33,10,0.06,1.3,8
2/12/2004,,30,14,0,0,8
2/13/2004,,31,18,0,0,7
2/14/2004,,31,20,0,0,7
2/15/2004,,37,5,0,0,7
2/16/2004,,23,-3,0,0,7
2/17/2004,,27,-2,0,0,7
2/18/2004,,37,12,0,0,6
2/19/2004,,36,16,0,0,6
2/20/2004,,47,27,0,0,5
2/21/2004,,46,31,0.28,0.5,4
2/22/2004,,34,31,0,0,4
2/23/2004,,42,29,0,0,2
2/24/2004,,40,28,0.13,1.1,3
2/25/2004,,34,15,0,0,3
2/26/2004,,42,20,0,0,1
2/27/2004,,42,21,0,0,0
2/28/2004,,47,16,0,0,0
2/29/2004,,51,17,0,0,0
3/1/2004,,55,27,0,0,0
3/2/2004,,53,33,0.12,0,0
3/3/2004,,55,40,0,0,0
3/4/2004,,44,39,0.05,0,0
3/5/2004,,50,39,0.69,0,0
3/6/2004,,66,35,0.07,0,0
3/7/2004,,42,29,0.05,0.3,0
3/8/2004,,47,30,0.13,1.3,1
3/9/2004,,38,23,0.05,0.9,1
3/10/2004,,43,18,0,0,0
3/11/2004,,47,19,0.04,0.4,0
3/12/2004,,49,22,0.05,0.9,1
3/13/2004,,26,11,0.03,0.5,0
3/14/2004,,40,16,0,0,0
3/15/2004,,45,29,0.03,0.2,0
3/16/2004,,42,25,0.02,0.2,0
3/17/2004,,28,19,0.24,3.3,3
3/18/2004,,33,20,0.03,0.4,2
3/19/2004,,39,29,0.15,1.4,1
3/20/2004,,44,31,0.46,0,0
3/21/2004,,57,27,0.37,0.1,0
3/22/2004,,35,15,0,0,0
3/23/2004,,35,17,0,0,0
3/24/2004,,54,28,0.08,0,0
3/25/2004,,51,39,0.44,0,0
3/26/2004,,66,51,0.26,0,0
3/27/2004,,62,51,0.21,0,0
3/28/2004,,59,42,0,0,0
3/29/2004,,58,42,0.02,0,0
3/30/2004,,53,43,0.03,0,0
3/31/2004,,50,41,0.12,0,0
4/1/2004,,45,35,0.01,0,0
4/2/2004,,49,35,0,0,0
4/3/2004,,56,36,0,0,0
4/4/2004,,58,32,0.12,0.5,0
4/5/2004,,43,23,0,0,0
4/6/2004,,46,23,0,0,0
4/7/2004,,59,26,0,0,0
4/8/2004,,61,32,0,0,0
4/9/2004,,53,35,0,0,0
4/10/2004,,54,30,0,0,0
4/11/2004,,52,30,0,0,0
4/12/2004,,48,30,0,0,0
4/13/2004,,52,31,0.1,0.4,0
4/14/2004,,50,32,0,0,0
4/15/2004,,59,33,0,0,0
4/16/2004,,62,34,0,0,0
4/17/2004,,77,36,0,0,0
4/18/2004,,77,54,0.01,0,0
4/19/2004,,85,55,0,0,0
4/20/2004,,77,36,0,0,0
4/21/2004,,60,41,0.35,0,0
4/22/2004,,71,41,0.1,0,0
4/23/2004,,59,41,0,0,0
4/24/2004,,66,36,0,0,0
4/25/2004,,62,38,0.14,0,0
4/26/2004,,72,43,0.06,0,0
4/27/2004,,65,35,0,0,0
4/28/2004,,44,26,0,0,0
4/29/2004,,73,34,0,0,0
4/30/2004,,80,54,0,0,0
5/1/2004,,75,49,0.18,0,0
5/2/2004,,51,38,0.79,0,0
5/3/2004,,50,30,0.07,0,0
5/4/2004,,48,26,0,0,0
5/5/2004,,62,29,0.01,0,0
5/6/2004,,64,40,0,0,0
5/7/2004,,84,46,0.1,0,0
5/8/2004,,63,39,0.15,0,0
5/9/2004,,72,45,0,0,0
5/10/2004,,84,52,1.02,0,0
5/11/2004,,84,56,0.13,0,0
5/12/2004,,76,54,0.03,0,0
5/13/2004,,84,56,0,0,0
5/14/2004,,82,,0.26,0,0
5/15/2004,,79,48,0.25,0,0
5/16/2004,,54,48,0,0,0
5/17/2004,,68,47,0,0,0
5/18/2004,,78,52,0.15,0,0
5/19/2004,,76,47,0,0,0
5/20/2004,,72,51,0,0,0
5/21/2004,,81,57,1.26,0,0
5/22/2004,,71,53,2.36,0,0
5/23/2004,,83,63,0,0,0
5/24/2004,,81,62,0.2,0,0
5/25/2004,,62,47,0,0,0
5/26/2004,,62,53,0.04,0,0
5/27/2004,,68,40,0,0,0
5/28/2004,,75,47,0.02,0,0
5/29/2004,,64,39,0,0,0
5/30/2004,,67,45,0,0,0
5/31/2004,,73,55,0.54,0,0
6/1/2004,,76,51,0.06,0,0
6/2/2004,,74,50,0.04,0,0
6/3/2004,,68,45,0.19,0,0
6/4/2004,,75,42,0,0,0
6/5/2004,,73,43,0,0,0
6/6/2004,,76,46,0,0,0
6/7/2004,,78,57,0,0,0
6/8/2004,,85,62,0,0,0
6/9/2004,,90,67,0,0,0
6/10/2004,,90,64,0.32,0,0
6/11/2004,,64,53,0.54,0,0
6/12/2004,,63,53,0.25,0,0
6/13/2004,,76,56,0.06,0,0
6/14/2004,,83,62,0.19,0,0
6/15/2004,,83,58,0.12,0,0
6/16/2004,,84,62,0,0,0
6/17/2004,,76,64,1.04,0,0
6/18/2004,,85,66,0.29,0,0
6/19/2004,,79,55,0.01,0,0
6/20/2004,,68,42,0,0,0
6/21/2004,,72,49,0,0,0
6/22/2004,,76,56,0.08,0,0
6/23/2004,,74,46,0,0,0
6/24/2004,,79,53,0,0,0
6/25/2004,,72,50,0,0,0
6/26/2004,,71,49,0,0,0
6/27/2004,,73,47,0,0,0
6/28/2004,,76,56,0.03,0,0
6/29/2004,,73,49,0.01,0,0
6/30/2004,,80,54,0,0,0
7/1/2004,,84,56,0,0,0
7/2/2004,,86,56,0,0,0
7/3/2004,,84,54,0,0,0
7/4/2004,,85,60,0.21,0,0
7/5/2004,,83,66,0.73,0,0
7/6/2004,,77,58,0,0,0
7/7/2004,,87,61,0.34,0,0
7/8/2004,,79,58,0.05,0,0
7/9/2004,,70,49,0,0,0
7/10/2004,,78,53,0,0,0
7/11/2004,,85,62,0,0,0
7/12/2004,,87,65,0.07,0,0
7/13/2004,,83,67,0.08,0,0
7/14/2004,,87,65,0.02,0,0
7/15/2004,,76,60,0.01,0,0
7/16/2004,,80,55,0,0,0
7/17/2004,,84,57,0.14,0,0
7/18/2004,,81,58,0.08,0,0
7/19/2004,,81,55,0.01,0,0
7/20/2004,,80,60,0,0,0
7/21/2004,,86,63,0,0,0
7/22/2004,,88,68,0.77,0,0
7/23/2004,,90,59,0,0,0
7/24/2004,,75,46,0,0,0
7/25/2004,,74,52,0,0,0
7/26/2004,,75,56,0,0,0
7/27/2004,,74,58,0.49,0,0
7/28/2004,,65,56,0.85,0,0
7/29/2004,,81,55,0,0,0
7/30/2004,,81,59,0,0,0
7/31/2004,,79,64,0.42,0,0
8/1/2004,,83,55,0,0,0
8/2/2004,,84,57,0,0,0
8/3/2004,,88,64,0.33,0,0
8/4/2004,,87,64,0.7,0,0
8/5/2004,,71,57,0.39,0,0
8/6/2004,,72,47,0,0,0
8/7/2004,,75,49,0,0,0
8/8/2004,,77,51,0,0,0
8/9/2004,,80,56,0,0,0
8/10/2004,,80,58,0,0,0
8/11/2004,,75,57,0.01,0,0
8/12/2004,,71,49,0,0,0
8/13/2004,,63,50,0,0,0
8/14/2004,,68,53,0,0,0
8/15/2004,,73,52,0.02,0,0
8/16/2004,,73,47,0.08,0,0
8/17/2004,,76,49,0,0,0
8/18/2004,,77,54,0.15,0,0
8/19/2004,,77,60,0,0,0
8/20/2004,,74,53,0,0,0
8/21/2004,,66,52,0.19,0,0
8/22/2004,,71,44,0,0,0
8/23/2004,,80,49,0,0,0
8/24/2004,,81,55,0.03,0,0
8/25/2004,,84,60,0,0,0
8/26/2004,,87,68,0.13,0,0
8/27/2004,,85,71,0,0,0
8/28/2004,,89,70,0.42,0,0
8/29/2004,,80,60,0.1,0,0
8/30/2004,,68,57,0.07,0,0
8/31/2004,,75,52,0,0,0
9/1/2004,,80,52,0,0,0
9/2/2004,,82,54,0,0,0
9/3/2004,,83,56,0,0,0
9/4/2004,,84,59,0,0,0
9/5/2004,,84,62,0.11,0,0
9/6/2004,,86,63,0,0,0
9/7/2004,,86,61,0.7,0,0
9/8/2004,,79,57,0,0,0
9/9/2004,,71,57,0.01,0,0
9/10/2004,,73,47,0,0,0
9/11/2004,,79,47,0,0,0
9/12/2004,,80,49,0,0,0
9/13/2004,,85,54,0,0,0
9/14/2004,,84,54,0,0,0
9/15/2004,,85,59,0,0,0
9/16/2004,,85,63,0,0,0
9/17/2004,,80,53,0,0,0
9/18/2004,,65,46,0,0,0
9/19/2004,,73,43,0,0,0
9/20/2004,,74,43,0,0,0
9/21/2004,,78,44,0,0,0
9/22/2004,,84,45,0,0,0
9/23/2004,,87,46,0,0,0
9/24/2004,,86,48,0,0,0
9/25/2004,,82,56,0,0,0
9/26/2004,,65,55,0,0,0
9/27/2004,,75,42,0,0,0
9/28/2004,,77,43,0,0,0
9/29/2004,,61,49,0,0,0
9/30/2004,,66,37,0,0,0
10/1/2004,,74,37,0,0,0
10/2/2004,,75,37,0.16,0,0
10/3/2004,,60,31,0.05,0,0
10/4/2004,,65,34,0,0,0
10/5/2004,,57,28,0,0,0
10/6/2004,,59,28,0,0,0
10/7/2004,,74,33,0,0,0
10/8/2004,,74,40,0,0,0
10/9/2004,,79,45,0.16,0,0
10/10/2004,,69,36,0,0,0
10/11/2004,,65,33,0,0,0
10/12/2004,,64,34,0,0,0
10/13/2004,,63,40,0,0,0
10/14/2004,,60,45,0.07,0,0
10/15/2004,,64,48,0.02,0,0
10/16/2004,,51,43,0.52,0,0
10/17/2004,,45,39,0.15,0,0
10/18/2004,,44,33,0.01,0,0
10/19/2004,,49,34,0.01,0,0
10/20/2004,,48,44,0,0,0
10/21/2004,,57,47,0,0,0
10/22/2004,,54,49,0,0,0
10/23/2004,,55,47,0,0,0
10/24/2004,,60,48,0.24,0,0
10/25/2004,,55,37,0,0,0
10/26/2004,,68,37,0,0,0
10/27/2004,,63,39,0,0,0
10/28/2004,,66,45,0,0,0
10/29/2004,,65,49,0.11,0,0
10/30/2004,,68,53,0.66,0,0
10/31/2004,,73,50,0,0,0
11/1/2004,,53,36,0,0,0
11/2/2004,,51,36,0.35,0,0
11/3/2004,,50,33,0,0,0
11/4/2004,,52,37,0.42,0,0
11/5/2004,,47,37,0.08,0,0
11/6/2004,,53,36,0,0,0
11/7/2004,,64,37,0,0,0
11/8/2004,,59,28,0,0,0
11/9/2004,,45,20,0,0,0
11/10/2004,,41,20,0,0,0
11/11/2004,,59,33,0,0,0
11/12/2004,,42,26,0,0,0
11/13/2004,,47,23,0,0,0
11/14/2004,,45,18,0,0,0
11/15/2004,,53,19,0,0,0
11/16/2004,,50,23,0,0,0
11/17/2004,,49,43,0.03,0,0
11/18/2004,,54,47,0.17,0,0
11/19/2004,,64,47,0.08,0,0
11/20/2004,,52,47,0.23,0,0
11/21/2004,,56,42,0.01,0,0
11/22/2004,,49,29,0,0,0
11/23/2004,,47,31,0,0,0
11/24/2004,,51,40,0.04,0,0
11/25/2004,,40,27,0.82,1.6,1
11/26/2004,,34,27,0,0,1
11/27/2004,,40,28,0.15,0,0
11/28/2004,,47,37,0.26,0,0
11/29/2004,,42,25,0.01,0,0
11/30/2004,,38,28,0.09,0.6,0
12/1/2004,,42,33,0.74,1.1,1
12/2/2004,,41,30,0.01,0.1,0
12/3/2004,,39,29,0.01,0.2,0
12/4/2004,,33,25,0,0,0
12/5/2004,,46,26,0,0,0
12/6/2004,,43,27,0.04,0,0
12/7/2004,,44,34,0.08,0,0
12/8/2004,,58,41,1.22,0,0
12/9/2004,,47,35,0,0,0
12/10/2004,,44,34,0.02,0,0
12/11/2004,,41,31,0.29,0.4,0
12/12/2004,,35,30,0.09,0.9,1
12/13/2004,,38,28,0.16,1.8,1
12/14/2004,,32,20,0.07,1.2,1
12/15/2004,,27,18,0.02,0.3,1
12/16/2004,,34,18,0,0,1
12/17/2004,,39,23,0.02,0.3,0
12/18/2004,,31,20,0,0,0
12/19/2004,,35,6,0.08,1.1,1
12/20/2004,,7,-1,0,0,1
12/21/2004,,21,3,0.04,0.3,1
12/22/2004,,42,18,0,0,0
12/23/2004,,25,17,0.62,6,6
12/24/2004,,24,6,0.12,1.2,7
12/25/2004,,15,-6,0,0,7
12/26/2004,,14,-1,0.03,0.6,7
12/27/2004,,22,-2,0,0,7
12/28/2004,,24,-1,0,0,7
12/29/2004,,34,18,0,0,6
12/30/2004,,38,29,0,0,5
12/31/2004,,48,32,0.12,0,0
1/1/2005,,59,25,0,0,0
1/2/2005,,35,25,0.1,0,0
1/3/2005,,52,34,0.1,0,0
1/4/2005,,37,33,0.34,0,0
1/5/2005,,36,26,0.19,1.6,2
1/6/2005,,27,22,0.57,4.5,6
1/7/2005,,27,16,0.04,0.7,6
1/8/2005,,27,16,0.19,2.6,8
1/9/2005,,32,26,0.1,1.5,8
1/10/2005,,35,28,0,0,6
1/11/2005,,39,30,0.3,2.6,7
1/12/2005,,34,30,0.33,0.6,5
1/13/2005,,56,34,0.23,0,0
1/14/2005,,57,20,0.55,1.2,1
1/15/2005,,21,11,0,0,1
1/16/2005,,24,12,0.01,0.1,1
1/17/2005,,16,3,0.01,0.2,1
1/18/2005,,14,-1,0.02,0.2,1
1/19/2005,,22,-1,0.21,2.1,3
1/20/2005,,32,14,0.1,0.9,4
1/21/2005,,22,6,0.01,0.3,4
1/22/2005,,16,5,0.38,3.5,7
1/23/2005,,16,0,0.37,6,11
1/24/2005,,21,-2,0,0,10
1/25/2005,,29,11,0,0,9
1/26/2005,,36,25,0,0,8
1/27/2005,,29,-4,0,0,8
1/28/2005,,20,-8,0,0,7
1/29/2005,,26,-7,0,0,7
1/30/2005,,33,13,0,0,7
1/31/2005,,38,9,0,0,7
2/1/2005,,34,5,0,0,7
2/2/2005,,35,6,0,0,7
2/3/2005,,30,8,0,0,7
2/4/2005,,42,10,0,0,6
2/5/2005,,42,14,0,0,5
2/6/2005,,38,21,0,0,5
2/7/2005,,43,22,0,0,4
2/8/2005,,40,35,0.51,0,2
2/9/2005,,38,28,0.08,0.4,2
2/10/2005,,32,17,0.14,1.4,3
2/11/2005,,29,16,0,0,3
2/12/2005,,34,18,0,0,3
2/13/2005,,47,24,0,0,1
2/14/2005,,43,27,0.59,0.1,1
2/15/2005,,46,35,0.07,0,0
2/16/2005,,47,32,0.79,0.7,1
2/17/2005,,34,22,0.04,0.8,1
2/18/2005,,26,10,0.03,0.7,1
2/19/2005,,26,11,0,0,0
2/20/2005,,36,20,0.04,0.4,0
2/21/2005,,35,27,0.79,4.7,5
2/22/2005,,38,31,0,0,4
2/23/2005,,35,17,0.1,1.3,5
2/24/2005,,36,17,0,0,4
2/25/2005,,32,13,0,0,4
2/26/2005,,32,17,0.13,2.3,6
2/27/2005,,29,8,0,0,5
2/28/2005,,31,15,0,0,4
3/1/2005,,37,25,0.59,5.4,9
3/2/2005,,26,19,0.15,2.6,11
3/3/2005,,26,9,0.01,0.2,10
3/4/2005,,31,7,0,0,9
3/5/2005,,38,14,0,0,7
3/6/2005,,43,15,0,0,6
3/7/2005,,52,34,0,0,4
3/8/2005,,52,14,0.04,0.2,0
3/9/2005,,24,10,0.01,0.3,0
3/10/2005,,28,10,0.01,0.2,0
3/11/2005,,32,14,0.21,2.3,2
3/12/2005,,36,25,0.18,2.6,3
3/13/2005,,35,10,0,0,2
3/14/2005,,34,11,0,0,1
3/15/2005,,37,13,0,0,0
3/16/2005,,39,15,0,0,0
3/17/2005,,42,16,0,0,0
3/18/2005,,39,28,0.06,1.2,1
3/19/2005,,37,29,0,0,0
3/20/2005,,39,32,0.15,0,0
3/21/2005,,38,31,0,0,0
3/22/2005,,39,31,0,0,0
3/23/2005,,49,31,0,0,0
3/24/2005,,34,30,0.02,0.3,0
3/25/2005,,49,32,0,0,0
3/26/2005,,48,25,0,0,0
3/27/2005,,48,27,0,0,0
3/28/2005,,49,34,0,0,0
3/29/2005,,60,28,0,0,0
3/30/2005,,65,32,0,0,0
3/31/2005,,68,42,0.02,0,0
4/1/2005,,68,30,0,0,0
4/2/2005,,56,37,0.07,0,0
4/3/2005,,44,35,0.08,0,0
4/4/2005,,58,36,0,0,0
4/5/2005,,66,36,0,0,0
4/6/2005,,77,38,0,0,0
4/7/2005,,80,45,0.02,0,0
4/8/2005,,58,30,0,0,0
4/9/2005,,65,30,0,0,0
4/10/2005,,68,33,0,0,0
4/11/2005,,72,35,0,0,0
4/12/2005,,65,39,0,0,0
4/13/2005,,56,36,0,0,0
4/14/2005,,61,31,0,0,0
4/15/2005,,66,30,0,0,0
4/16/2005,,65,32,0,0,0
4/17/2005,,74,33,0,0,0
4/18/2005,,75,44,0,0,0
4/19/2005,,79,45,0,0,0
4/20/2005,,82,50,0.03,0,0
4/21/2005,,72,37,0.08,0,0
4/22/2005,,60,34,0,0,0
4/23/2005,,50,36,0.23,0,0
4/24/2005,,37,32,0.4,1.8,1
4/25/2005,,38,31,0.7,4.6,4
4/26/2005,,62,38,0,0,0
4/27/2005,,47,37,0.39,0,0
4/28/2005,,53,36,0.02,0,0
4/29/2005,,57,39,0,0,0
4/30/2005,,57,41,0,0,0
5/1/2005,,54,29,0,0,0
5/2/2005,,54,36,0,0,0
5/3/2005,,50,27,0.01,0,0
5/4/2005,,45,25,0.01,0.1,0
5/5/2005,,61,28,0,0,0
5/6/2005,,64,30,0,0,0
5/7/2005,,72,35,0.05,0,0
5/8/2005,,71,37,0,0,0
5/9/2005,,76,42,0,0,0
5/10/2005,,82,50,0.02,0,0
5/11/2005,,83,49,0,0,0
5/12/2005,,69,40,0.12,0,0
5/13/2005,,59,40,0,0,0
5/14/2005,,71,46,0.8,0,0
5/15/2005,,67,41,0.08,0,0
5/16/2005,,58,44,0,0,0
5/17/2005,,56,39,0,0,0
5/18/2005,,67,42,0,0,0
5/19/2005,,71,48,0,0,0
5/20/2005,,59,49,0.15,0,0
5/21/2005,,74,39,0,0,0
5/22/2005,,76,45,0,0,0
5/23/2005,,67,51,0.19,0,0
5/24/2005,,67,47,0.51,0,0
5/25/2005,,62,41,0.02,0,0
5/26/2005,,74,44,0,0,0
5/27/2005,,76,44,0,0,0
5/28/2005,,73,45,0.04,0,0
5/29/2005,,70,46,0,0,0
5/30/2005,,70,52,0.08,0,0
5/31/2005,,74,44,0,0,0
6/1/2005,,80,47,0,0,0
6/2/2005,,81,53,0,0,0
6/3/2005,,79,60,0.01,0,0
6/4/2005,,78,57,0,0,0
6/5/2005,,86,58,0,0,0
6/6/2005,,93,60,0.32,0,0
6/7/2005,,84,60,0,0,0
6/8/2005,,92,66,0,0,0
6/9/2005,,93,62,0.42,0,0
6/10/2005,,92,65,0,0,0
6/11/2005,,93,69,0,0,0
6/12/2005,,87,68,1.26,0,0
6/13/2005,,85,70,0.34,0,0
6/14/2005,,81,66,0.23,0,0
6/15/2005,,87,62,0,0,0
6/16/2005,,74,56,0.08,0,0
6/17/2005,,70,48,0,0,0
6/18/2005,,67,53,0,0,0
6/19/2005,,68,47,0,0,0
6/20/2005,,78,49,0,0,0
6/21/2005,,80,55,0,0,0
6/22/2005,,84,52,0.29,0,0
6/23/2005,,80,45,0,0,0
6/24/2005,,86,52,0,0,0
6/25/2005,,93,68,0,0,0
6/26/2005,,94,66,0,0,0
6/27/2005,,92,67,0,0,0
6/28/2005,,94,70,0,0,0
6/29/2005,,87,66,0.13,0,0
6/30/2005,,91,67,0.29,0,0
7/1/2005,,83,65,0.99,0,0
7/2/2005,,78,48,0,0,0
7/3/2005,,76,52,0,0,0
7/4/2005,,82,56,0,0,0
7/5/2005,,91,65,0.94,0,0
7/6/2005,,83,61,0.07,0,0
7/7/2005,,72,54,0,0,0
7/8/2005,,83,58,0.2,0,0
7/9/2005,,81,55,0.18,0,0
7/10/2005,,84,56,0,0,0
7/11/2005,,88,59,0,0,0
7/12/2005,,89,62,0,0,0
7/13/2005,,91,67,0.09,0,0
7/14/2005,,91,70,0,0,0
7/15/2005,,89,66,0,0,0
7/16/2005,,88,70,0,0,0
7/17/2005,,80,71,0.67,0,0
7/18/2005,,88,71,0,0,0
7/19/2005,,88,67,0.4,0,0
7/20/2005,,85,56,0,0,0
7/21/2005,,89,60,1.44,0,0
7/22/2005,,87,69,0.03,0,0
7/23/2005,,86,58,0,0,0
7/24/2005,,85,60,0.36,0,0
7/25/2005,,91,68,0.18,0,0
7/26/2005,,91,69,0.06,0,0
7/27/2005,,87,57,1.06,0,0
7/28/2005,,75,52,0,0,0
7/29/2005,,79,53,0,0,0
7/30/2005,,82,56,0,0,0
7/31/2005,,81,55,0,0,0
8/1/2005,,85,58,0,0,0
8/2/2005,,89,63,0,0,0
8/3/2005,,90,65,0,0,0
8/4/2005,,91,67,0,0,0
8/5/2005,,85,65,0,0,0
8/6/2005,,85,58,0,0,0
8/7/2005,,87,58,0,0,0
8/8/2005,,88,58,0,0,0
8/9/2005,,90,61,0,0,0
8/10/2005,,90,67,0,0,0
8/11/2005,,88,66,0.07,0,0
8/12/2005,,82,67,0.03,0,0
8/13/2005,,87,65,0.26,0,0
8/14/2005,,83,62,0.36,0,0
8/15/2005,,77,59,0.01,0,0
8/16/2005,,81,56,0,0,0
8/17/2005,,85,57,0.01,0,0
8/18/2005,,87,60,0,0,0
8/19/2005,,86,61,0,0,0
8/20/2005,,86,62,0,0,0
8/21/2005,,84,62,0.37,0,0
8/22/2005,,82,51,0,0,0
8/23/2005,,68,52,0,0,0
8/24/2005,,73,50,0,0,0
8/25/2005,,80,51,0,0,0
8/26/2005,,81,54,0,0,0
8/27/2005,,88,64,0,0,0
8/28/2005,,84,54,0.14,0,0
8/29/2005,,87,55,0,0,0
8/30/2005,,90,57,0,0,0
8/31/2005,,76,63,0.06,0,0
9/1/2005,,80,57,0,0,0
9/2/2005,,83,52,0,0,0
9/3/2005,,82,51,0,0,0
9/4/2005,,80,49,0,0,0
9/5/2005,,80,49,0,0,0
9/6/2005,,82,50,0,0,0
9/7/2005,,86,51,0,0,0
9/8/2005,,86,55,0,0,0
9/9/2005,,83,53,0.06,0,0
9/10/2005,,83,49,0,0,0
9/11/2005,,86,49,0,0,0
9/12/2005,,90,51,0,0,0
9/13/2005,,91,54,0,0,0
9/14/2005,,90,57,0,0,0
9/15/2005,,78,58,0.07,0,0
9/16/2005,,75,53,0.85,0,0
9/17/2005,,63,54,0.15,0,0
9/18/2005,,70,51,0.15,0,0
9/19/2005,,80,51,0,0,0
9/20/2005,,77,55,0.02,0,0
9/21/2005,,78,50,0,0,0
9/22/2005,,86,50,0,0,0
9/23/2005,,86,56,0.41,0,0
9/24/2005,,72,53,0,0,0
9/25/2005,,71,55,0,0,0
9/26/2005,,79,64,0.61,0,0
9/27/2005,,74,43,0,0,0
9/28/2005,,72,43,0,0,0
9/29/2005,,77,44,0.51,0,0
9/30/2005,,61,34,0,0,0
10/1/2005,,69,34,0,0,0
10/2/2005,,78,40,0,0,0
10/3/2005,,83,46,0,0,0
10/4/2005,,86,58,0,0,0
10/5/2005,,86,54,0,0,0
10/6/2005,,85,54,0,0,0
10/7/2005,,79,46,0,0,0
10/8/2005,,57,44,0,0,0
10/9/2005,,57,38,0,0,0
10/10/2005,,64,39,0,0,0
10/11/2005,,56,50,0.03,0,0
10/12/2005,,58,52,0,0,0
10/13/2005,,62,53,0.01,0,0
10/14/2005,,70,47,0,0,0
10/15/2005,,74,47,0,0,0
10/16/2005,,67,45,0,0,0
10/17/2005,,60,31,0,0,0
10/18/2005,,62,32,0.06,0,0
10/19/2005,,69,40,0,0,0
10/20/2005,,65,32,0,0,0
10/21/2005,,57,33,0,0,0
10/22/2005,,60,38,0,0,0
10/23/2005,,54,31,0,0,0
10/24/2005,,52,38,0,0,0
10/25/2005,,51,39,0.04,0,0
10/26/2005,,50,34,0,0,0
10/27/2005,,49,26,0,0,0
10/28/2005,,50,26,0,0,0
10/29/2005,,52,24,0,0,0
10/30/2005,,60,24,0,0,0
10/31/2005,,64,28,0.03,0,0
11/1/2005,,66,46,0.32,0,0
11/2/2005,,54,32,0,0,0
11/3/2005,,59,32,0,0,0
11/4/2005,,71,48,0,0,0
11/5/2005,,73,45,0,0,0
11/6/2005,,65,52,0.09,0,0
11/7/2005,,59,33,0,0,0
11/8/2005,,58,35,0,0,0
11/9/2005,,63,38,0.27,0,0
11/10/2005,,69,40,0,0,0
11/11/2005,,48,26,0,0,0
11/12/2005,,57,27,0,0,0
11/13/2005,,68,38,0.1,0,0
11/14/2005,,64,29,0,0,0
11/15/2005,,49,29,0.28,0,0
11/16/2005,,61,38,2,0,0
11/17/2005,,38,24,0,0.1,0
11/18/2005,,30,18,0.01,0.2,0
11/19/2005,,33,20,0,0,0
11/20/2005,,52,29,0,0,0
11/21/2005,,54,29,0,0,0
11/22/2005,,42,32,0.01,0,0
11/23/2005,,33,21,0,0,0
11/24/2005,,35,17,0.45,5.6,5
11/25/2005,,20,10,0.02,0.2,4
11/26/2005,,29,12,0.07,0.8,4
11/27/2005,,37,23,0.07,0,2
11/28/2005,,51,35,0.28,0,0
11/29/2005,,65,45,0.83,0,0
11/30/2005,,45,28,0.02,0.2,0
12/1/2005,,31,25,0.01,0.1,0
12/2/2005,,31,23,0.14,2.7,2
12/3/2005,,28,18,0,0.1,1
12/4/2005,,26,19,0.21,2.4,3
12/5/2005,,32,22,0,0,3
12/6/2005,,27,6,0,0,2
12/7/2005,,23,7,0.01,0.1,2
12/8/2005,,23,0,0,0,2
12/9/2005,,25,1,0.52,5.4,7
12/10/2005,,27,14,0,0,6
12/11/2005,,29,15,0.04,0.6,7
12/12/2005,,32,9,0.03,0.6,6
12/13/2005,,26,11,0.01,0.3,6
12/14/2005,,29,17,0.01,0.3,6
12/15/2005,,32,22,0.14,0.7,6
12/16/2005,,33,19,0.47,5.8,10
12/17/2005,,29,18,0.01,0.1,9
12/18/2005,,26,6,0,0,8
12/19/2005,,26,10,0.02,0.5,8
12/20/2005,,24,8,0,0.1,7
12/21/2005,,27,19,0,0,7
12/22/2005,,25,12,0.01,0.1,7
12/23/2005,,36,13,0,0,6
12/24/2005,,39,28,0,0,4
12/25/2005,,41,31,0.22,0,3
12/26/2005,,36,32,0.38,0.5,2
12/27/2005,,35,31,0,0,2
12/28/2005,,36,31,0,0,1
12/29/2005,,41,34,0.25,0,0
12/30/2005,,34,31,0,0,0
12/31/2005,,34,31,0.27,2.6,3
1/1/2006,,35,32,0.05,0.3,1
1/2/2006,,37,33,0.25,0,0
1/3/2006,,39,36,0.12,0,0
1/4/2006,,41,37,0.03,0,0
1/5/2006,,44,36,0.07,0,0
1/6/2006,,36,19,0.09,0.5,0
1/7/2006,,29,18,0.01,0,0
1/8/2006,,32,28,0.04,0.3,0
1/9/2006,,41,29,0,0,0
1/10/2006,,38,23,0,0,0
1/11/2006,,41,23,0.17,0,0
1/12/2006,,47,32,0.02,0,0
1/13/2006,,52,33,0,0,0
1/14/2006,,49,28,0.71,0.9,1
1/15/2006,,33,20,0,0,0
1/16/2006,,31,23,0,0,0
1/17/2006,,37,26,0.02,0,0
1/18/2006,,39,30,0.96,3.6,4
1/19/2006,,31,21,0.07,0.9,4
1/20/2006,,49,20,0,0,0
1/21/2006,,54,31,0.75,0.8,1
1/22/2006,,38,17,0.01,0.1,0
1/23/2006,,38,17,0,0,0
1/24/2006,,39,27,0,0,0
1/25/2006,,38,29,0.07,0.5,0
1/26/2006,,32,22,0,0,0
1/27/2006,,37,22,0,0,0
1/28/2006,,42,24,0,0,0
1/29/2006,,50,34,0.42,0,0
1/30/2006,,53,38,0.34,0,0
1/31/2006,,42,29,0.02,0.2,0
2/1/2006,,34,26,0,0,0
2/2/2006,,49,31,0,0,0
2/3/2006,,44,33,0.32,0,0
2/4/2006,,42,30,0.05,0,0
2/5/2006,,38,29,1.01,4.1,4
2/6/2006,,32,21,0.07,0.8,4
2/7/2006,,33,21,0,0,3
2/8/2006,,28,18,0.01,0.2,3
2/9/2006,,25,8,0,0,2
2/10/2006,,34,13,0.04,0.5,3
2/11/2006,,36,24,0,0.1,2
2/12/2006,,30,5,0.1,1.9,4
2/13/2006,,34,6,0.02,0.3,3
2/14/2006,,30,22,0,0,3
2/15/2006,,44,22,0,0,2
2/16/2006,,46,33,0.45,0,0
2/17/2006,,56,23,0.83,0.3,0
2/18/2006,,29,2,0.02,0.3,0
2/19/2006,,12,2,0,0,0
2/20/2006,,23,8,0,0,0
2/21/2006,,31,13,0,0,0
2/22/2006,,39,19,0,0,0
2/23/2006,,50,23,0,0,0
2/24/2006,,49,13,0,0,0
2/25/2006,,40,13,0,0,0
2/26/2006,,37,15,0,0,0
2/27/2006,,29,15,0,0.1,0
2/28/2006,,31,9,0.05,0.4,0
3/1/2006,,36,10,0,0,0
3/2/2006,,39,18,0.04,0,0
3/3/2006,,30,22,0.07,0.5,0
3/4/2006,,29,17,0,0,0
3/5/2006,,40,16,0,0,0
3/6/2006,,43,19,0.01,0.1,0
3/7/2006,,41,16,0.02,0.6,0
3/8/2006,,47,18,0.02,0,0
3/9/2006,,50,32,0.27,0,0
3/10/2006,,57,46,0.71,0,0
3/11/2006,,48,27,0.02,0,0
3/12/2006,,58,36,0.27,0,0
3/13/2006,,69,43,0.55,0,0
3/14/2006,,69,30,0.41,0.1,0
3/15/2006,,38,26,0.01,0.2,0
3/16/2006,,44,24,0,0,0
3/17/2006,,42,23,0.02,0.1,0
3/18/2006,,41,21,0,0,0
3/19/2006,,40,22,0,0,0
3/20/2006,,48,24,0,0,0
3/21/2006,,41,20,0,0,0
3/22/2006,,34,22,0,0,0
3/23/2006,,37,27,0,0,0
3/24/2006,,43,21,0,0,0
3/25/2006,,41,25,0.03,0.4,0
3/26/2006,,42,28,0.03,0.1,0
3/27/2006,,49,21,0,0,0
3/28/2006,,54,24,0.06,0,0
3/29/2006,,47,28,0.01,0,0
3/30/2006,,53,27,0,0,0
3/31/2006,,67,31,0,0,0
4/1/2006,,68,45,0.36,0,0
4/2/2006,,53,41,0,0,0
4/3/2006,,53,41,0.27,0,0
4/4/2006,,53,27,0.21,0,0
4/5/2006,,49,28,0.01,0,0
4/6/2006,,55,34,0,0,0
4/7/2006,,60,38,0.75,0,0
4/8/2006,,52,29,0.4,0,0
4/9/2006,,45,23,0,0,0
4/10/2006,,57,24,0,0,0
4/11/2006,,65,29,0,0,0
4/12/2006,,75,33,0.4,0,0
4/13/2006,,67,46,0.23,0,0
4/14/2006,,75,52,0.16,0,0
4/15/2006,,80,47,0.01,0,0
4/16/2006,,70,39,0,0,0
4/17/2006,,60,40,0,0,0
4/18/2006,,62,33,0,0,0
4/19/2006,,68,35,0,0,0
4/20/2006,,72,36,0,0,0
4/21/2006,,74,38,0,0,0
4/22/2006,,78,41,0.31,0,0
4/23/2006,,73,43,0.11,0,0
4/24/2006,,62,45,0.13,0,0
4/25/2006,,66,46,0,0,0
4/26/2006,,50,25,0.05,0,0
4/27/2006,,65,33,0,0,0
4/28/2006,,67,31,0,0,0
4/29/2006,,63,33,0,0,0
4/30/2006,,67,41,0,0,0
5/1/2006,,71,52,0,0,0
5/2/2006,,73,50,0.01,0,0
5/3/2006,,60,49,0.9,0,0
5/4/2006,,77,51,0.04,0,0
5/5/2006,,71,39,0,0,0
5/6/2006,,69,41,0,0,0
5/7/2006,,60,33,0,0,0
5/8/2006,,69,35,0,0,0
5/9/2006,,74,39,0,0,0
5/10/2006,,74,45,0,0,0
5/11/2006,,75,56,1.69,0,0
5/12/2006,,59,39,0.19,0,0
5/13/2006,,48,40,0.17,0,0
5/14/2006,,53,45,0.74,0,0
5/15/2006,,60,47,0.26,0,0
5/16/2006,,57,49,0.14,0,0
5/17/2006,,65,50,0.03,0,0
5/18/2006,,74,46,0.01,0,0
5/19/2006,,59,42,0.29,0,0
5/20/2006,,61,38,0.07,0,0
5/21/2006,,69,40,0.07,0,0
5/22/2006,,57,37,0,0,0
5/23/2006,,60,32,0,0,0
5/24/2006,,71,41,0,0,0
5/25/2006,,76,47,0.06,0,0
5/26/2006,,84,59,0.48,0,0
5/27/2006,,77,54,0.07,0,0
5/28/2006,,85,57,0,0,0
5/29/2006,,90,61,0,0,0
5/30/2006,,95,65,0,0,0
5/31/2006,,88,65,0,0,0
6/1/2006,,85,65,0.6,0,0
6/2/2006,,80,61,0,0,0
6/3/2006,,79,53,0,0,0
6/4/2006,,75,52,0.14,0,0
6/5/2006,,77,44,0.01,0,0
6/6/2006,,81,49,0,0,0
6/7/2006,,84,55,0,0,0
6/8/2006,,71,59,0.73,0,0
6/9/2006,,81,56,0,0,0
6/10/2006,,74,51,0,0,0
6/11/2006,,69,40,0,0,0
6/12/2006,,68,44,0,0,0
6/13/2006,,70,48,0,0,0
6/14/2006,,74,54,0,0,0
6/15/2006,,78,46,0,0,0
6/16/2006,,81,52,0,0,0
6/17/2006,,88,60,0,0,0
6/18/2006,,92,65,0,0,0
6/19/2006,,82,65,0.47,0,0
6/20/2006,,83,59,0.04,0,0
6/21/2006,,79,58,0.15,0,0
6/22/2006,,76,59,1.49,0,0
6/23/2006,,82,62,0,0,0
6/24/2006,,77,50,0,0,0
6/25/2006,,79,49,0,0,0
6/26/2006,,82,54,0,0,0
6/27/2006,,82,60,0,0,0
6/28/2006,,80,54,0.85,0,0
6/29/2006,,81,54,0.01,0,0
6/30/2006,,77,55,0,0,0
7/1/2006,,80,53,0,0,0
7/2/2006,,89,58,0,0,0
7/3/2006,,80,62,0.03,0,0
7/4/2006,,80,65,0.2,0,0
7/5/2006,,84,53,0,0,0
7/6/2006,,73,47,0,0,0
7/7/2006,,77,50,0,0,0
7/8/2006,,81,53,0,0,0
7/9/2006,,83,56,0,0,0
7/10/2006,,84,65,0.05,0,0
7/11/2006,,81,63,0,0,0
7/12/2006,,80,65,0.53,0,0
7/13/2006,,82,60,0,0,0
7/14/2006,,87,60,0,0,0
7/15/2006,,87,64,0.23,0,0
7/16/2006,,91,63,0,0,0
7/17/2006,,94,66,0,0,0
7/18/2006,,91,65,0.59,0,0
7/19/2006,,85,56,0,0,0
7/20/2006,,85,58,0,0,0
7/21/2006,,84,67,0.1,0,0
7/22/2006,,81,61,0,0,0
7/23/2006,,80,54,0,0,0
7/24/2006,,81,53,0,0,0
7/25/2006,,86,56,0,0,0
7/26/2006,,85,66,0.01,0,0
7/27/2006,,84,67,1.86,0,0
7/28/2006,,83,66,0.37,0,0
7/29/2006,,85,66,0,0,0
7/30/2006,,91,68,0,0,0
7/31/2006,,89,69,0.11,0,0
8/1/2006,,95,73,0,0,0
8/2/2006,,95,75,0,0,0
8/3/2006,,93,72,0.01,0,0
8/4/2006,,81,61,0.23,0,0
8/5/2006,,86,58,0,0,0
8/6/2006,,84,58,0,0,0
8/7/2006,,85,59,0,0,0
8/8/2006,,86,60,0,0,0
8/9/2006,,82,53,0,0,0
8/10/2006,,82,55,0.01,0,0
8/11/2006,,84,57,0,0,0
8/12/2006,,79,48,0,0,0
8/13/2006,,81,47,0,0,0
8/14/2006,,84,49,0,0,0
8/15/2006,,80,55,0,0,0
8/16/2006,,83,51,0,0,0
8/17/2006,,85,54,0,0,0
8/18/2006,,85,56,0.03,0,0
8/19/2006,,84,67,0.27,0,0
8/20/2006,,78,61,0.04,0,0
8/21/2006,,78,50,0,0,0
8/22/2006,,81,52,0,0,0
8/23/2006,,85,55,0.02,0,0
8/24/2006,,83,56,0,0,0
8/25/2006,,78,63,1.47,0,0
8/26/2006,,83,64,0,0,0
8/27/2006,,84,69,0.18,0,0
8/28/2006,,78,63,0.35,0,0
8/29/2006,,70,59,1.01,0,0
8/30/2006,,75,61,0.03,0,0
8/31/2006,,76,56,0,0,0
9/1/2006,,76,57,0.04,0,0
9/2/2006,,70,56,0,0,0
9/3/2006,,72,54,0.01,0,0
9/4/2006,,74,50,0,0,0
9/5/2006,,75,49,0,0,0
9/6/2006,,79,50,0.08,0,0
9/7/2006,,79,55,0.19,0,0
9/8/2006,,80,54,0,0,0
9/9/2006,,82,55,0,0,0
9/10/2006,,73,54,0.02,0,0
9/11/2006,,61,53,0,0,0
9/12/2006,,68,53,0.17,0,0
9/13/2006,,70,62,0.7,0,0
9/14/2006,,80,59,0.74,0,0
9/15/2006,,69,48,0,0,0
9/16/2006,,70,50,0,0,0
9/17/2006,,77,53,0,0,0
9/18/2006,,83,57,0,0,0
9/19/2006,,68,47,0.45,0,0
9/20/2006,,64,47,0.02,0,0
9/21/2006,,60,36,0.01,0,0
9/22/2006,,67,37,0,0,0
9/23/2006,,65,50,0.16,0,0
9/24/2006,,73,54,0.17,0,0
9/25/2006,,68,39,0.03,0,0
9/26/2006,,68,38,0,0,0
9/27/2006,,71,38,0,0,0
9/28/2006,,73,45,0.06,0,0
9/29/2006,,56,33,0,0,0
9/30/2006,,61,33,0.12,0,0
10/1/2006,,61,44,0.42,0,0
10/2/2006,,69,43,0.01,0,0
10/3/2006,,70,50,0.81,0,0
10/4/2006,,80,59,0.02,0,0
10/5/2006,,70,39,0.18,0,0
10/6/2006,,60,37,0,0,0
10/7/2006,,61,33,0,0,0
10/8/2006,,68,33,0,0,0
10/9/2006,,74,33,0,0,0
10/10/2006,,76,41,0,0,0
10/11/2006,,59,47,0.12,0,0
10/12/2006,,63,33,0.41,0,0
10/13/2006,,44,29,0.03,0.3,0
10/14/2006,,46,32,0,0,0
10/15/2006,,52,27,0,0,0
10/16/2006,,57,27,0,0,0
10/17/2006,,55,43,1.17,0,0
10/18/2006,,58,50,0.22,0,0
10/19/2006,,65,47,0.03,0,0
10/20/2006,,50,35,0.01,0,0
10/21/2006,,51,41,0,0,0
10/22/2006,,60,43,0.18,0,0
10/23/2006,,48,35,0.17,0,0
10/24/2006,,41,30,0.01,0,0
10/25/2006,,46,32,0,0,0
10/26/2006,,47,25,0,0,0
10/27/2006,,51,25,0.23,0,0
10/28/2006,,43,36,0.54,0,0
10/29/2006,,47,35,0.22,0,0
10/30/2006,,53,26,0,0,0
10/31/2006,,71,28,0,0,0
11/1/2006,,60,27,0,0,0
11/2/2006,,46,27,0,0,0
11/3/2006,,35,21,0.06,1.1,1
11/4/2006,,38,18,0,0,0
11/5/2006,,47,24,0,0,0
11/6/2006,,53,31,0,0,0
11/7/2006,,62,31,0.07,0,0
11/8/2006,,49,47,0.4,0,0
11/9/2006,,50,43,0,0,0
11/10/2006,,69,32,0,0,0
11/11/2006,,53,37,0.41,0,0
11/12/2006,,40,30,0.12,0,0
11/13/2006,,42,27,0,0,0
11/14/2006,,39,29,0,0,0
11/15/2006,,44,35,0.01,0,0
11/16/2006,,46,38,0.59,0,0
11/17/2006,,44,34,0.3,0,0
11/18/2006,,41,35,0,0,0
11/19/2006,,43,35,0,0,0
11/20/2006,,38,26,0.03,0.5,0
11/21/2006,,43,23,0,0,0
11/22/2006,,43,20,0,0,0
11/23/2006,,51,21,0,0,0
11/24/2006,,54,22,0,0,0
11/25/2006,,52,25,0,0,0
11/26/2006,,56,26,0,0,0
11/27/2006,,59,39,0,0,0
11/28/2006,,62,46,0,0,0
11/29/2006,,64,48,0,0,0
11/30/2006,,63,52,0.14,0,0
12/1/2006,,52,32,1.73,0,0
12/2/2006,,39,29,0.28,0.1,0
12/3/2006,,36,23,0,0,0
12/4/2006,,28,20,0.01,0.3,0
12/5/2006,,24,16,0.09,2.7,3
12/6/2006,,34,16,0,0,1
12/7/2006,,42,19,0.04,0.5,0
12/8/2006,,24,17,0.01,0.2,0
12/9/2006,,29,18,0,0,0
12/10/2006,,40,22,0,0,0
12/11/2006,,49,31,0.03,0,0
12/12/2006,,53,40,0.01,0,0
12/13/2006,,49,41,0.55,0,0
12/14/2006,,45,32,0,0,0
12/15/2006,,51,34,0,0,0
12/16/2006,,44,29,0,0,0
12/17/2006,,52,30,0.02,0,0
12/18/2006,,53,39,0.03,0,0
12/19/2006,,42,22,0,0,0
12/20/2006,,43,22,0,0,0
12/21/2006,,45,23,0.03,0,0
12/22/2006,,43,35,0.5,0,0
12/23/2006,,55,41,0.25,0,0
12/24/2006,,41,35,0.04,0,0
12/25/2006,,46,30,0,0,0
12/26/2006,,40,32,0.32,0.1,0
12/27/2006,,37,30,0,0,0
12/28/2006,,41,30,0,0,0
12/29/2006,,47,27,0,0,0
12/30/2006,,43,32,0,0,0
12/31/2006,,51,32,0,0,0
1/1/2007,,51,36,1.27,0,0
1/2/2007,,42,26,0,0,0
1/3/2007,,45,25,0,0,0
1/4/2007,,48,31,0,0,0
1/5/2007,,48,36,0.99,0,0
1/6/2007,,50,44,0.3,0,0
1/7/2007,,45,23,0.01,0,0
1/8/2007,,37,23,0.16,0.3,0
1/9/2007,,35,27,0.05,0.7,0
1/10/2007,,31,20,0,0.1,0
1/11/2007,,32,21,0,0,0
1/12/2007,,41,30,0.03,0,0
1/13/2007,,50,30,0.27,0,0
1/14/2007,,31,28,0.07,0,0
1/15/2007,,32,29,1.01,0,0
1/16/2007,,32,19,0.06,0.6,1
1/17/2007,,22,8,0,0,1
1/18/2007,,29,10,0,0,0
1/19/2007,,33,23,0.05,0.8,1
1/20/2007,,30,13,0.08,1.5,2
1/21/2007,,26,11,0,0,1
1/22/2007,,26,22,0.08,0.5,2
1/23/2007,,27,21,0,0,2
1/24/2007,,29,25,0.01,0.1,2
1/25/2007,,32,14,0.04,0.8,2
1/26/2007,,30,1,0,0,2
1/27/2007,,39,15,0.04,0.4,1
1/28/2007,,35,16,0.01,0.2,1
1/29/2007,,26,6,0.04,0.6,2
1/30/2007,,23,9,0.08,1.3,3
1/31/2007,,25,7,0.11,1.6,4
2/1/2007,,23,7,0,0.1,4
2/2/2007,,27,17,0.01,0.1,4
2/3/2007,,24,0,0.02,0.4,3
2/4/2007,,17,-4,0.02,0.4,3
2/5/2007,,8,-7,0.05,0.6,3
2/6/2007,,13,-7,0.01,0.1,3
2/7/2007,,12,-3,0.02,0.2,3
2/8/2007,,23,1,0,0,3
2/9/2007,,24,2,0,0,3
2/10/2007,,25,3,0.02,0.3,3
2/11/2007,,24,6,0,0,2
2/12/2007,,25,7,0.02,0.2,2
2/13/2007,,32,12,0.1,1.7,4
2/14/2007,,15,10,0.51,6.2,7
2/15/2007,,19,2,0,0,7
2/16/2007,,21,3,0.01,0.1,7
2/17/2007,,23,3,0,0,7
2/18/2007,,27,11,0.07,1.7,8
2/19/2007,,25,6,0.02,0.2,8
2/20/2007,,39,15,0,0,6
2/21/2007,,45,16,0,0,4
2/22/2007,,38,23,0,0,3
2/23/2007,,38,13,0,0,3
2/24/2007,,31,13,0,0,3
2/25/2007,,28,18,0.21,1.5,4
2/26/2007,,33,28,0.2,0.3,4
2/27/2007,,34,28,0.04,1.2,5
2/28/2007,,37,28,0,0,4
3/1/2007,,40,30,0.04,0.2,3
3/2/2007,,38,32,1.35,0.4,3
3/3/2007,,36,26,0.07,1.4,3
3/4/2007,,33,24,0.04,0.8,4
3/5/2007,,34,25,0,0,3
3/6/2007,,30,4,0,0,2
3/7/2007,,21,6,0.18,2.2,4
3/8/2007,,30,6,0,0,4
3/9/2007,,38,9,0,0,3
3/10/2007,,47,20,0.07,0,1
3/11/2007,,52,31,0,0,0
3/12/2007,,54,27,0,0,0
3/13/2007,,48,35,0.01,0,0
3/14/2007,,73,39,0,0,0
3/15/2007,,64,30,0.58,2.1,2
3/16/2007,,38,23,0,0,0
3/17/2007,,40,22,0.02,0.3,0
3/18/2007,,38,22,0,0,0
3/19/2007,,41,23,0.02,0.2,0
3/20/2007,,48,26,0.13,0.4,0
3/21/2007,,42,26,0,0,0
3/22/2007,,60,29,0.18,0,0
3/23/2007,,64,38,0.2,0,0
3/24/2007,,52,41,0.01,0,0
3/25/2007,,66,39,0.01,0,0
3/26/2007,,65,41,0.02,0,0
3/27/2007,,80,55,0,0,0
3/28/2007,,81,45,0.56,0,0
3/29/2007,,57,38,0,0,0
3/30/2007,,56,30,0,0,0
3/31/2007,,67,30,0,0,0
4/1/2007,,51,43,0.41,0,0
4/2/2007,,69,45,0.02,0,0
4/3/2007,,63,41,0.01,0,0
4/4/2007,,70,37,0.06,0,0
4/5/2007,,38,23,0.03,0.3,0
4/6/2007,,30,22,0,0.1,0
4/7/2007,,30,18,0.02,0.5,0
4/8/2007,,31,19,0.07,1.1,0
4/9/2007,,34,25,0.02,0.2,0
4/10/2007,,41,25,0.03,0.5,0
4/11/2007,,48,28,0,0,0
4/12/2007,,44,33,0.68,0.5,0
4/13/2007,,42,33,0.03,0,0
4/14/2007,,53,25,0,0,0
4/15/2007,,43,27,0.02,0.2,0
4/16/2007,,53,31,0,0,0
4/17/2007,,57,35,0,0,0
4/18/2007,,63,31,0,0,0
4/19/2007,,52,36,0,0,0
4/20/2007,,65,35,0,0,0
4/21/2007,,72,36,0,0,0
4/22/2007,,75,37,0,0,0
4/23/2007,,81,41,0,0,0
4/24/2007,,77,38,0,0,0
4/25/2007,,67,40,0.3,0,0
4/26/2007,,49,44,0.44,0,0
4/27/2007,,55,45,0.61,0,0
4/28/2007,,55,44,0.03,0,0
4/29/2007,,70,45,0.04,0,0
4/30/2007,,76,48,0,0,0
5/1/2007,,72,45,1.38,0,0
5/2/2007,,64,45,0.08,0,0
5/3/2007,,65,40,0,0,0
5/4/2007,,67,43,0,0,0
5/5/2007,,70,45,0,0,0
5/6/2007,,70,43,0,0,0
5/7/2007,,63,35,0,0,0
5/8/2007,,76,41,0,0,0
5/9/2007,,85,55,0,0,0
5/10/2007,,68,51,1.09,0,0
5/11/2007,,79,52,0,0,0
5/12/2007,,83,47,0,0,0
5/13/2007,,67,29,0,0,0
5/14/2007,,67,37,0,0,0
5/15/2007,,80,41,0,0,0
5/16/2007,,87,54,0.6,0,0
5/17/2007,,58,41,0.02,0,0
5/18/2007,,59,33,0.03,0,0
5/19/2007,,69,40,0,0,0
5/20/2007,,75,49,0.01,0,0
5/21/2007,,67,41,0,0,0
5/22/2007,,67,44,0,0,0
5/23/2007,,85,49,0,0,0
5/24/2007,,88,53,0,0,0
5/25/2007,,89,57,0,0,0
5/26/2007,,75,57,0.17,0,0
5/27/2007,,62,54,0.66,0,0
5/28/2007,,74,44,0.15,0,0
5/29/2007,,79,49,0,0,0
5/30/2007,,84,55,0,0,0
5/31/2007,,88,60,0.03,0,0
6/1/2007,,87,63,0,0,0
6/2/2007,,86,59,0,0,0
6/3/2007,,87,62,0.08,0,0
6/4/2007,,75,60,1.09,0,0
6/5/2007,,75,52,0.1,0,0
6/6/2007,,61,39,0.01,0,0
6/7/2007,,70,45,0,0,0
6/8/2007,,91,62,0,0,0
6/9/2007,,85,46,0.02,0,0
6/10/2007,,77,47,0,0,0
6/11/2007,,80,51,0,0,0
6/12/2007,,83,50,0,0,0
6/13/2007,,86,55,0,0,0
6/14/2007,,90,56,0,0,0
6/15/2007,,87,57,0,0,0
6/16/2007,,85,52,0,0,0
6/17/2007,,88,57,0,0,0
6/18/2007,,89,63,0,0,0
6/19/2007,,93,68,0.1,0,0
6/20/2007,,80,50,0.01,0,0
6/21/2007,,80,59,0,0,0
6/22/2007,,81,50,0,0,0
6/23/2007,,77,47,0,0,0
6/24/2007,,79,47,0,0,0
6/25/2007,,81,52,0,0,0
6/26/2007,,89,63,0,0,0
6/27/2007,,90,69,0,0,0
6/28/2007,,88,65,0.3,0,0
6/29/2007,,78,51,0,0,0
6/30/2007,,77,48,0,0,0
7/1/2007,,80,49,0,0,0
7/2/2007,,74,43,0,0,0
7/3/2007,,77,50,0,0,0
7/4/2007,,83,60,0.08,0,0
7/5/2007,,82,60,0,0,0
7/6/2007,,85,56,0.06,0,0
7/7/2007,,84,56,0,0,0
7/8/2007,,89,59,0,0,0
7/9/2007,,95,69,0,0,0
7/10/2007,,94,67,0,0,0
7/11/2007,,93,67,0,0,0
7/12/2007,,78,53,0,0,0
7/13/2007,,80,52,0,0,0
7/14/2007,,76,51,0,0,0
7/15/2007,,78,50,0.04,0,0
7/16/2007,,81,51,0,0,0
7/17/2007,,82,54,0.1,0,0
7/18/2007,,76,61,0.07,0,0
7/19/2007,,87,65,0.01,0,0
7/20/2007,,80,53,0.11,0,0
7/21/2007,,76,45,0,0,0
7/22/2007,,81,47,0,0,0
7/23/2007,,84,49,0,0,0
7/24/2007,,85,53,0.02,0,0
7/25/2007,,84,58,0,0,0
7/26/2007,,72,55,0.26,0,0
7/27/2007,,80,59,0.68,0,0
7/28/2007,,86,62,0.04,0,0
7/29/2007,,82,59,0,0,0
7/30/2007,,86,56,0,0,0
7/31/2007,,89,61,0,0,0
8/1/2007,,92,64,0,0,0
8/2/2007,,94,66,0,0,0
8/3/2007,,93,68,0,0,0
8/4/2007,,92,61,0,0,0
8/5/2007,,85,63,0,0,0
8/6/2007,,74,65,0.7,0,0
8/7/2007,,88,72,0.17,0,0
8/8/2007,,87,72,0.45,0,0
8/9/2007,,90,67,0.11,0,0
8/10/2007,,82,68,0.3,0,0
8/11/2007,,84,60,0,0,0
8/12/2007,,85,61,0,0,0
8/13/2007,,88,57,0,0,0
8/14/2007,,82,53,0,0,0
8/15/2007,,81,57,0,0,0
8/16/2007,,80,65,0.02,0,0
8/17/2007,,84,53,0,0,0
8/18/2007,,80,44,0,0,0
8/19/2007,,72,47,0.56,0,0
8/20/2007,,63,55,0.91,0,0
8/21/2007,,63,58,1.04,0,0
8/22/2007,,76,59,0,0,0
8/23/2007,,88,68,0.73,0,0
8/24/2007,,89,67,0.16,0,0
8/25/2007,,88,67,0.28,0,0
8/26/2007,,76,57,0.08,0,0
8/27/2007,,77,52,0,0,0
8/28/2007,,81,53,0,0,0
8/29/2007,,87,58,0,0,0
8/30/2007,,92,65,0.02,0,0
8/31/2007,,77,49,0,0,0
9/1/2007,,77,51,0,0,0
9/2/2007,,81,51,0,0,0
9/3/2007,,81,52,0,0,0
9/4/2007,,86,55,0,0,0
9/5/2007,,86,60,0,0,0
9/6/2007,,90,61,0,0,0
9/7/2007,,83,63,0,0,0
9/8/2007,,81,61,0.06,0,0
9/9/2007,,81,61,0.19,0,0
9/10/2007,,81,60,0,0,0
9/11/2007,,75,54,0.41,0,0
9/12/2007,,69,43,0.01,0,0
9/13/2007,,61,41,0,0,0
9/14/2007,,75,41,0,0,0
9/15/2007,,72,41,0,0,0
9/16/2007,,60,34,0,0,0
9/17/2007,,67,34,0,0,0
9/18/2007,,73,40,0,0,0
9/19/2007,,84,47,0,0,0
9/20/2007,,87,52,0,0,0
9/21/2007,,82,54,0,0,0
9/22/2007,,88,55,0,0,0
9/23/2007,,77,43,0,0,0
9/24/2007,,79,43,0,0,0
9/25/2007,,91,48,0,0,0
9/26/2007,,86,67,0.03,0,0
9/27/2007,,67,52,0.08,0,0
9/28/2007,,74,50,0,0,0
9/29/2007,,72,41,0,0,0
9/30/2007,,77,41,0,0,0
10/1/2007,,80,47,0,0,0
10/2/2007,,65,58,0.73,0,0
10/3/2007,,74,58,0.01,0,0
10/4/2007,,77,44,0,0,0
10/5/2007,,82,44,0,0,0
10/6/2007,,89,57,0,0,0
10/7/2007,,88,63,0,0,0
10/8/2007,,90,63,0,0,0
10/9/2007,,89,58,0.02,0,0
10/10/2007,,74,45,0,0,0
10/11/2007,,54,42,0.13,0,0
10/12/2007,,60,39,0.05,0,0
10/13/2007,,53,32,0,0,0
10/14/2007,,59,33,0,0,0
10/15/2007,,58,33,0.1,0,0
10/16/2007,,72,46,0,0,0
10/17/2007,,62,58,0.25,0,0
10/18/2007,,74,58,0.02,0,0
10/19/2007,,76,61,0.11,0,0
10/20/2007,,64,52,0,0,0
10/21/2007,,68,48,0,0,0
10/22/2007,,79,48,0,0,0
10/23/2007,,74,45,0.41,0,0
10/24/2007,,50,43,0.1,0,0
10/25/2007,,54,37,0,0,0
10/26/2007,,60,37,0.01,0,0
10/27/2007,,59,51,0.15,0,0
10/28/2007,,55,30,0.09,0,0
10/29/2007,,55,28,0,0,0
10/30/2007,,59,29,0,0,0
10/31/2007,,63,32,0,0,0
11/1/2007,,64,33,0.04,0,0
11/2/2007,,53,25,0,0,0
11/3/2007,,58,26,0,0,0
11/4/2007,,58,28,0,0,0
11/5/2007,,54,30,0,0,0
11/6/2007,,55,34,0.02,0,0
11/7/2007,,43,34,0.03,0,0
11/8/2007,,40,30,0,0,0
11/9/2007,,45,32,0,0,0
11/10/2007,,48,33,0,0,0
11/11/2007,,47,36,0,0,0
11/12/2007,,48,40,0.01,0,0
11/13/2007,,60,30,0,0,0
11/14/2007,,60,30,0.01,0,0
11/15/2007,,61,37,0,0,0
11/16/2007,,43,32,0.01,0,0
11/17/2007,,40,29,0,0,0
11/18/2007,,40,29,0.13,0.1,0
11/19/2007,,42,23,0,0,0
11/20/2007,,57,35,0,0,0
11/21/2007,,54,46,0.22,0,0
11/22/2007,,46,33,1.13,0.3,0
11/23/2007,,34,20,0,0,0
11/24/2007,,36,19,0,0,0
11/25/2007,,36,22,0,0,0
11/26/2007,,40,22,0.12,1.1,1
11/27/2007,,35,32,0.22,0.8,1
11/28/2007,,38,14,0,0,0
11/29/2007,,43,18,0,0,0
11/30/2007,,31,25,0,0,0
12/1/2007,,40,11,0,0,0
12/2/2007,,32,12,0.34,0.8,1
12/3/2007,,49,32,0.69,0.2,0
12/4/2007,,34,22,0,0,0
12/5/2007,,28,21,0.09,0.8,1
12/6/2007,,27,7,0.02,0.2,1
12/7/2007,,29,8,0.01,0.1,1
12/8/2007,,31,24,0,0,1
12/9/2007,,32,24,0,0,0
12/10/2007,,28,25,0.04,0,0
12/11/2007,,31,21,0,0,0
12/12/2007,,34,30,0.91,0.1,0
12/13/2007,,38,24,0,0,0
12/14/2007,,35,31,0.03,0.1,0
12/15/2007,,32,21,0,0,0
12/16/2007,,28,22,0.84,7.7,8
12/17/2007,,27,20,0.25,2.9,9
12/18/2007,,26,14,0,0,8
12/19/2007,,35,20,0,0,7
12/20/2007,,38,16,0,0,6
12/21/2007,,36,16,0,0,6
12/22/2007,,41,25,0.02,0,4
12/23/2007,,50,36,0.52,0,0
12/24/2007,,47,21,0.04,0.7,1
12/25/2007,,28,23,0,0,0
12/26/2007,,30,15,0,0,0
12/27/2007,,43,15,0.02,0.2,0
12/28/2007,,37,19,0.02,0.2,0
12/29/2007,,37,27,0.29,0.5,0
12/30/2007,,32,26,0,0,0
12/31/2007,,29,26,0.02,0.3,0
1/1/2008,,33,28,0.88,8.8,9
1/2/2008,,31,23,0.1,1.4,8
1/3/2008,,24,-1,0.01,0.1,7
1/4/2008,,19,2,0,0.1,7
1/5/2008,,32,19,0,0,6
1/6/2008,,40,32,0.03,0,3
1/7/2008,,55,40,0,0,0
1/8/2008,,63,51,0.75,0,0
1/9/2008,,59,38,0.95,0,0
1/10/2008,,43,28,0,0,0
1/11/2008,,46,28,0.15,0,0
1/12/2008,,39,31,0.04,0.1,0
1/13/2008,,40,30,0,0,0
1/14/2008,,40,30,0.07,0.6,0
1/15/2008,,32,25,0.1,1.1,1
1/16/2008,,30,15,0,0,1
1/17/2008,,34,14,0,0,1
1/18/2008,,36,17,0.03,0.3,0
1/19/2008,,29,16,0.01,0.4,0
1/20/2008,,19,4,0.04,0.6,1
1/21/2008,,14,4,0.01,0.1,1
1/22/2008,,26,9,0.07,1,1
1/23/2008,,33,8,0.07,1.8,3
1/24/2008,,20,6,0.05,0.5,2
1/25/2008,,20,4,0,0,2
1/26/2008,,23,4,0.05,1.2,3
1/27/2008,,27,18,0.08,1.4,4
1/28/2008,,33,9,0.01,0.1,4
1/29/2008,,43,11,0.14,0,0
1/30/2008,,50,7,0.13,0.3,0
1/31/2008,,16,7,0.01,0.1,0
2/1/2008,,25,10,0.34,3.2,3
2/2/2008,,32,25,0.11,0.8,4
2/3/2008,,31,27,0,0,4
2/4/2008,,33,30,0.07,0.3,4
2/5/2008,,46,31,0.32,0,1
2/6/2008,,46,32,1.24,0.4,0
2/7/2008,,32,24,0.57,1.9,2
2/8/2008,,29,24,0.04,0.4,2
2/9/2008,,33,27,0.09,0.8,3
2/10/2008,,38,11,0.12,1.3,3
2/11/2008,,11,-1,0.05,0.5,3
2/12/2008,,17,0,0.02,0.2,3
2/13/2008,,19,13,0.3,4,6
2/14/2008,,29,9,0,0,6
2/15/2008,,31,9,0.01,0,5
2/16/2008,,29,9,0.01,0.2,4
2/17/2008,,32,9,0.17,0,3
2/18/2008,,49,32,0.4,0,0
2/19/2008,,37,10,0.03,0.5,0
2/20/2008,,23,10,0.01,0.1,0
2/21/2008,,22,3,0,0,0
2/22/2008,,24,4,0.09,0.9,1
2/23/2008,,34,10,0,0,0
2/24/2008,,35,10,0,0,0
2/25/2008,,39,13,0,0,0
2/26/2008,,33,25,0.26,2.7,3
2/27/2008,,34,8,0.15,2,4
2/28/2008,,23,8,0,0,4
2/29/2008,,27,13,0.11,1.7,5
3/1/2008,,36,19,0.36,4.9,8
3/2/2008,,36,17,0,0,6
3/3/2008,,46,28,0,0,3
3/4/2008,,51,26,0.22,0.5,0
3/5/2008,,30,22,0.59,5.3,6
3/6/2008,,37,23,0,0,4
3/7/2008,,38,22,0,0,3
3/8/2008,,30,16,0.02,0.2,3
3/9/2008,,26,11,0.07,0.7,4
3/10/2008,,34,13,0,0,3
3/11/2008,,39,14,0,0,3
3/12/2008,,38,15,0,0,2
3/13/2008,,45,28,0,0,1
3/14/2008,,52,30,0,0,0
3/15/2008,,57,26,0,0,0
3/16/2008,,46,25,0,0,0
3/17/2008,,40,20,0,0,0
3/18/2008,,35,21,0.1,0.2,0
3/19/2008,,47,35,0.41,0,0
3/20/2008,,40,28,0.05,0,0
3/21/2008,,44,24,0,0,0
3/22/2008,,31,25,0.72,7.5,7
3/23/2008,,41,15,0,0,4
3/24/2008,,42,15,0,0,3
3/25/2008,,38,23,0,0,1
3/26/2008,,45,31,0.01,0,0
3/27/2008,,49,28,0.03,0,0
3/28/2008,,40,26,0.69,4.8,5
3/29/2008,,40,17,0,0,1
3/30/2008,,43,18,0,0,0
3/31/2008,,46,32,0.17,0,0
4/1/2008,,59,45,0.45,0,0
4/2/2008,,57,21,0,0,0
4/3/2008,,48,21,0,0,0
4/4/2008,,58,25,0.15,0,0
4/5/2008,,44,28,0.01,0,0
4/6/2008,,62,28,0,0,0
4/7/2008,,63,30,0,0,0
4/8/2008,,72,37,0,0,0
4/9/2008,,66,37,0.05,0,0
4/10/2008,,53,31,0,0,0
4/11/2008,,46,36,0.5,0,0
4/12/2008,,74,41,0.12,0,0
4/13/2008,,46,33,0.25,0.3,0
4/14/2008,,46,28,0.05,0.4,0
4/15/2008,,53,26,0,0,0
4/16/2008,,59,28,0,0,0
4/17/2008,,68,41,0,0,0
4/18/2008,,74,45,0,0,0
4/19/2008,,78,45,0,0,0
4/20/2008,,75,48,0.01,0,0
4/21/2008,,71,41,0,0,0
4/22/2008,,74,45,0,0,0
4/23/2008,,75,47,0,0,0
4/24/2008,,76,36,0,0,0
4/25/2008,,71,39,0.21,0,0
4/26/2008,,79,54,0,0,0
4/27/2008,,63,38,0,0,0
4/28/2008,,64,42,0,0,0
4/29/2008,,57,32,0,0,0
4/30/2008,,51,25,0,0,0
5/1/2008,,56,28,0,0,0
5/2/2008,,70,45,0.03,0,0
5/3/2008,,70,53,0.23,0,0
5/4/2008,,70,38,0.02,0,0
5/5/2008,,65,38,0,0,0
5/6/2008,,74,40,0,0,0
5/7/2008,,77,43,0,0,0
5/8/2008,,72,42,0.34,0,0
5/9/2008,,61,43,0,0,0
5/10/2008,,67,39,0,0,0
5/11/2008,,70,45,0,0,0
5/12/2008,,56,46,0.78,0,0
5/13/2008,,56,37,0,0,0
5/14/2008,,70,44,0,0,0
5/15/2008,,61,39,0.31,0,0
5/16/2008,,62,44,0,0,0
5/17/2008,,70,47,0,0,0
5/18/2008,,71,45,0.05,0,0
5/19/2008,,59,34,0,0,0
5/20/2008,,62,41,0,0,0
5/21/2008,,65,43,0,0,0
5/22/2008,,60,43,0.03,0,0
5/23/2008,,61,40,0,0,0
5/24/2008,,66,36,0,0,0
5/25/2008,,71,37,0,0,0
5/26/2008,,76,42,0.01,0,0
5/27/2008,,86,50,0,0,0
5/28/2008,,60,30,0,0,0
5/29/2008,,68,36,0,0,0
5/30/2008,,75,43,0,0,0
5/31/2008,,82,56,0.87,0,0
6/1/2008,,78,52,0,0,0
6/2/2008,,73,47,0,0,0
6/3/2008,,82,52,0,0,0
6/4/2008,,72,60,0.53,0,0
6/5/2008,,71,60,0.03,0,0
6/6/2008,,87,65,0,0,0
6/7/2008,,92,64,0.02,0,0
6/8/2008,,85,66,0.3,0,0
6/9/2008,,91,67,0.21,0,0
6/10/2008,,88,65,0.56,0,0
6/11/2008,,79,54,0.32,0,0
6/12/2008,,86,60,0,0,0
6/13/2008,,86,65,0,0,0
6/14/2008,,83,61,0.22,0,0
6/15/2008,,81,59,0.01,0,0
6/16/2008,,83,61,0.02,0,0
6/17/2008,,75,50,0,0,0
6/18/2008,,70,53,0,0,0
6/19/2008,,64,45,0,0,0
6/20/2008,,74,48,0,0,0
6/21/2008,,81,53,0.03,0,0
6/22/2008,,82,52,0.15,0,0
6/23/2008,,79,54,0,0,0
6/24/2008,,77,51,0.02,0,0
6/25/2008,,80,51,0,0,0
6/26/2008,,78,58,0.39,0,0
6/27/2008,,88,61,0.31,0,0
6/28/2008,,85,65,0.8,0,0
6/29/2008,,83,57,0.23,0,0
6/30/2008,,76,58,0.05,0,0
7/1/2008,,75,46,0.02,0,0
7/2/2008,,81,51,0,0,0
7/3/2008,,82,60,1.67,0,0
7/4/2008,,74,46,0,0,0
7/5/2008,,77,46,0,0,0
7/6/2008,,81,49,0,0,0
7/7/2008,,84,53,0,0,0
7/8/2008,,86,65,0.52,0,0
7/9/2008,,84,69,0.17,0,0
7/10/2008,,80,53,0,0,0
7/11/2008,,83,59,0,0,0
7/12/2008,,87,65,0,0,0
7/13/2008,,84,64,0.3,0,0
7/14/2008,,79,57,0,0,0
7/15/2008,,79,49,0,0,0
7/16/2008,,85,52,0,0,0
7/17/2008,,90,63,0.04,0,0
7/18/2008,,89,65,0,0,0
7/19/2008,,88,67,0,0,0
7/20/2008,,79,69,0.24,0,0
7/21/2008,,85,65,0.01,0,0
7/22/2008,,84,62,0.1,0,0
7/23/2008,,81,60,0,0,0
7/24/2008,,80,53,0,0,0
7/25/2008,,82,54,0,0,0
7/26/2008,,83,59,0,0,0
7/27/2008,,85,56,0,0,0
7/28/2008,,83,57,0,0,0
7/29/2008,,85,60,0,0,0
7/30/2008,,89,63,0,0,0
7/31/2008,,89,62,0,0,0
8/1/2008,,88,62,0,0,0
8/2/2008,,89,62,0,0,0
8/3/2008,,82,53,0,0,0
8/4/2008,,85,55,0,0,0
8/5/2008,,85,63,0.04,0,0
8/6/2008,,87,64,0,0,0
8/7/2008,,85,61,0,0,0
8/8/2008,,80,56,0.41,0,0
8/9/2008,,78,52,0,0,0
8/10/2008,,80,49,0.04,0,0
8/11/2008,,71,50,0.09,0,0
8/12/2008,,78,52,0,0,0
8/13/2008,,82,53,0,0,0
8/14/2008,,79,,0,0,0
8/15/2008,,81,51,0,0,0
8/16/2008,,79,51,0,0,0
8/17/2008,,83,52,0,0,0
8/18/2008,,87,60,0,0,0
8/19/2008,,89,62,0,0,0
8/20/2008,,79,48,0,0,0
8/21/2008,,83,49,0,0,0
8/22/2008,,89,55,0,0,0
8/23/2008,,91,67,0,0,0
8/24/2008,,92,67,0,0,0
8/25/2008,,85,56,0,0,0
8/26/2008,,77,48,0,0,0
8/27/2008,,80,50,0,0,0
8/28/2008,,87,56,0,0,0
8/29/2008,,76,61,0,0,0
8/30/2008,,85,54,0.01,0,0
8/31/2008,,88,52,0,0,0
9/1/2008,,90,52,0,0,0
9/2/2008,,90,52,0,0,0
9/3/2008,,92,54,0,0,0
9/4/2008,,94,59,0.28,0,0
9/5/2008,,80,61,0.04,0,0
9/6/2008,,74,50,0,0,0
9/7/2008,,77,50,0.11,0,0
9/8/2008,,75,50,0.18,0,0
9/9/2008,,77,50,0.86,0,0
9/10/2008,,69,40,0,0,0
9/11/2008,,74,40,0,0,0
9/12/2008,,78,46,0.22,0,0
9/13/2008,,77,63,0.19,0,0
9/14/2008,,74,66,2.24,0,0
9/15/2008,,80,56,1.46,0,0
9/16/2008,,65,50,0,0,0
9/17/2008,,69,46,0,0,0
9/18/2008,,81,46,0,0,0
9/19/2008,,71,43,0,0,0
9/20/2008,,77,44,0,0,0
9/21/2008,,82,49,0,0,0
9/22/2008,,75,48,0,0,0
9/23/2008,,77,48,0,0,0
9/24/2008,,80,47,0,0,0
9/25/2008,,83,47,0,0,0
9/26/2008,,81,49,0,0,0
9/27/2008,,77,49,0,0,0
9/28/2008,,71,48,0,0,0
9/29/2008,,76,49,0,0,0
9/30/2008,,69,55,0.13,0,0
10/1/2008,,65,45,0.03,0,0
10/2/2008,,56,40,0,0,0
10/3/2008,,57,37,0.25,0,0
10/4/2008,,57,29,0,0,0
10/5/2008,,61,30,0,0,0
10/6/2008,,65,31,0.03,0,0
10/7/2008,,61,38,0.02,0,0
10/8/2008,,64,40,0.07,0,0
10/9/2008,,67,45,0.2,0,0
10/10/2008,,70,35,0,0,0
10/11/2008,,73,35,0,0,0
10/12/2008,,76,39,0,0,0
10/13/2008,,83,44,0,0,0
10/14/2008,,80,45,0,0,0
10/15/2008,,68,40,0.02,0,0
10/16/2008,,64,46,0.55,0,0
10/17/2008,,59,35,0,0,0
10/18/2008,,59,37,0,0,0
10/19/2008,,59,28,0,0,0
10/20/2008,,60,29,0,0,0
10/21/2008,,65,37,0.14,0,0
10/22/2008,,50,27,0,0,0
10/23/2008,,54,30,0,0,0
10/24/2008,,59,33,0,0,0
10/25/2008,,53,41,0.25,0,0
10/26/2008,,51,41,0,0,0
10/27/2008,,61,36,0.06,0,0
10/28/2008,,48,31,0.03,0,0
10/29/2008,,41,31,0,0,0
10/30/2008,,44,22,0,0,0
10/31/2008,,55,23,0,0,0
11/1/2008,,71,38,0,0,0
11/2/2008,,60,33,0,0,0
11/3/2008,,54,36,0.28,0,0
11/4/2008,,71,40,0,0,0
11/5/2008,,72,35,0,0,0
11/6/2008,,73,35,0,0,0
11/7/2008,,73,36,0.02,0,0
11/8/2008,,60,36,0,0,0
11/9/2008,,43,38,0.02,0,0
11/10/2008,,40,31,0.05,0.3,0
11/11/2008,,35,23,0,0,0
11/12/2008,,37,29,0,0,0
11/13/2008,,51,36,0.58,0,0
11/14/2008,,54,47,0,0,0
11/15/2008,,52,41,0.46,0,0
11/16/2008,,41,33,0.57,0.1,0
11/17/2008,,36,29,0.1,1.3,0
11/18/2008,,36,21,0.02,0.2,0
11/19/2008,,32,18,0,0.1,0
11/20/2008,,34,25,0,0,0
11/21/2008,,35,17,0.03,0.5,0
11/22/2008,,30,17,0.01,0.1,0
11/23/2008,,31,10,0,0,0
11/24/2008,,38,13,0,0,0
11/25/2008,,35,30,0.2,1.2,1
11/26/2008,,35,33,0.04,0.3,0
11/27/2008,,39,20,0,0,0
11/28/2008,,42,20,0,0,0
11/29/2008,,43,19,0,0,0
11/30/2008,,44,20,0,0,0
12/1/2008,,38,32,0.53,2.3,2
12/2/2008,,35,25,0.09,1.5,3
12/3/2008,,31,24,0.01,0.1,3
12/4/2008,,39,29,0.03,0.1,1
12/5/2008,,29,16,0.02,0.4,1
12/6/2008,,24,14,0.01,0.1,1
12/7/2008,,28,16,0.14,2.7,3
12/8/2008,,24,16,0.02,0.4,3
12/9/2008,,36,21,0.04,0.1,2
12/10/2008,,38,27,0.95,0.4,1
12/11/2008,,28,12,0,0,1
12/12/2008,,31,13,0,0,1
12/13/2008,,27,15,0,0.1,1
12/14/2008,,37,17,0.03,0.2,0
12/15/2008,,50,36,0.19,0,0
12/16/2008,,44,16,0.03,0,0
12/17/2008,,22,15,0.29,3,3
12/18/2008,,28,20,0,0,3
12/19/2008,,29,13,0.7,5.4,8
12/20/2008,,28,19,0.32,1.7,9
12/21/2008,,24,17,0.09,1.2,9
12/22/2008,,17,-1,0.03,0.5,9
12/23/2008,,18,3,0.01,0.3,9
12/24/2008,,34,10,0.52,2.5,10
12/25/2008,,42,19,0.2,0.2,8
12/26/2008,,26,12,0,0,8
12/27/2008,,47,25,0.35,0.1,6
12/28/2008,,61,32,0.24,0,0
12/29/2008,,35,21,0,0,0
12/30/2008,,46,26,0,0,0
12/31/2008,,36,18,0.09,1.4,1
1/1/2009,,24,5,0.01,0.1,1
1/2/2009,,30,13,0,0,1
1/3/2009,,34,16,0,0,1
1/4/2009,,33,19,0.01,0,0
1/5/2009,,36,20,0.01,0,0
1/6/2009,,30,8,0,0,0
1/7/2009,,29,10,0.03,0.3,0
1/8/2009,,30,22,0.18,3,3
1/9/2009,,31,13,0.01,0.2,3
1/10/2009,,24,19,0.25,2.7,5
1/11/2009,,24,12,0.42,5.7,10
1/12/2009,,26,5,0.02,0.3,9
1/13/2009,,32,6,0.2,2,9
1/14/2009,,31,-7,0.02,0.2,8
1/15/2009,,14,-4,0.11,1,9
1/16/2009,,13,-12,0.03,0.3,9
1/17/2009,,8,-13,0,0,9
1/18/2009,,22,-5,0.3,4.3,12
1/19/2009,,23,11,0.03,0.5,12
1/20/2009,,21,5,0,0,12
1/21/2009,,20,-3,0,0,11
1/22/2009,,28,7,0,0,10
1/23/2009,,32,11,0,0,10
1/24/2009,,39,12,0,0,8
1/25/2009,,20,0,0,0,8
1/26/2009,,20,-3,0,0,8
1/27/2009,,23,-2,0.01,0.3,8
1/28/2009,,24,8,0.18,1.7,10
1/29/2009,,24,9,0.13,1.2,11
1/30/2009,,26,10,0.04,0.8,12
1/31/2009,,25,7,0.04,0.8,11
2/1/2009,,35,7,0,0,10
2/2/2009,,46,16,0,0,9
2/3/2009,,36,5,0,0,9
2/4/2009,,28,3,0.01,0.3,9
2/5/2009,,14,-8,0,0,9
2/6/2009,,21,-2,0,0,9
2/7/2009,,41,2,0,0,8
2/8/2009,,51,35,0,0,4
2/9/2009,,43,17,0,0,3
2/10/2009,,42,17,0.17,0,2
2/11/2009,,56,42,0.09,0,0
2/12/2009,,54,36,0.83,0,0
2/13/2009,,39,29,0,0,0
2/14/2009,,39,25,0.19,2.6,3
2/15/2009,,31,23,0.09,1.3,4
2/16/2009,,33,20,0,0,2
2/17/2009,,33,13,0,0,1
2/18/2009,,39,23,0.03,0.3,0
2/19/2009,,39,17,0.26,0.2,0
2/20/2009,,22,14,0.02,0.5,0
2/21/2009,,29,11,0,0,0
2/22/2009,,34,18,0.41,4.2,3
2/23/2009,,30,13,0.05,1.1,3
2/24/2009,,28,4,0,0,3
2/25/2009,,32,4,0,0,2
2/26/2009,,45,18,0.07,0,1
2/27/2009,,51,26,0.61,0,0
2/28/2009,,48,15,0.01,0.1,0
3/1/2009,,29,11,0,0,0
3/2/2009,,24,7,0,0,0
3/3/2009,,21,4,0,0,0
3/4/2009,,30,7,0,0,0
3/5/2009,,40,10,0,0,0
3/6/2009,,56,28,0,0,0
3/7/2009,,68,34,0,0,0
3/8/2009,,45,39,1.09,0,0
3/9/2009,,49,32,0.95,0,0
3/10/2009,,46,32,0.04,0,0
3/11/2009,,56,34,1.21,0,0
3/12/2009,,35,20,0,0.1,0
3/13/2009,,31,14,0,0,0
3/14/2009,,38,15,0,0,0
3/15/2009,,51,18,0,0,0
3/16/2009,,58,20,0,0,0
3/17/2009,,61,25,0,0,0
3/18/2009,,70,28,0,0,0
3/19/2009,,62,33,0,0,0
3/20/2009,,46,19,0,0,0
3/21/2009,,44,20,0,0,0
3/22/2009,,51,27,0,0,0
3/23/2009,,56,24,0,0,0
3/24/2009,,46,24,0,0,0
3/25/2009,,52,32,0.08,0,0
3/26/2009,,58,34,0.07,0,0
3/27/2009,,58,27,0,0,0
3/28/2009,,61,27,0,0,0
3/29/2009,,57,30,0.48,0,0
3/30/2009,,46,30,0.17,0.5,0
3/31/2009,,51,30,0,0,0
4/1/2009,,52,33,0.02,0,0
4/2/2009,,57,37,0,0,0
4/3/2009,,66,40,0.35,0,0
4/4/2009,,47,32,0.04,0,0
4/5/2009,,53,31,0,0,0
4/6/2009,,49,31,1.01,4.5,4
4/7/2009,,40,28,0.09,1.4,3
4/8/2009,,38,29,0.01,0.2,2
4/9/2009,,52,27,0,0,0
4/10/2009,,59,27,0,0,0
4/11/2009,,56,30,0,0,0
4/12/2009,,53,23,0,0,0
4/13/2009,,54,23,0,0,0
4/14/2009,,45,32,0.11,0,0
4/15/2009,,41,38,0.98,0,0
4/16/2009,,61,28,0.01,0,0
4/17/2009,,67,29,0,0,0
4/18/2009,,72,31,0,0,0
4/19/2009,,75,38,0,0,0
4/20/2009,,52,42,0.95,0,0
4/21/2009,,54,39,0.33,0,0
4/22/2009,,50,37,0.06,0,0
4/23/2009,,55,30,0.02,0,0
4/24/2009,,61,32,0,0,0
4/25/2009,,85,50,0,0,0
4/26/2009,,81,55,0.01,0,0
4/27/2009,,84,56,0.06,0,0
4/28/2009,,82,60,0.16,0,0
4/29/2009,,60,42,0.2,0,0
4/30/2009,,61,44,0,0,0
5/1/2009,,64,51,0.64,0,0
5/2/2009,,67,36,0.01,0,0
5/3/2009,,65,37,0,0,0
5/4/2009,,70,39,0,0,0
5/5/2009,,69,44,0,0,0
5/6/2009,,71,42,0,0,0
5/7/2009,,67,44,0,0,0
5/8/2009,,66,48,0.13,0,0
5/9/2009,,76,52,0.08,0,0
5/10/2009,,65,45,0.02,0,0
5/11/2009,,62,41,0,0,0
5/12/2009,,62,34,0,0,0
5/13/2009,,68,40,0,0,0
5/14/2009,,65,51,0.6,0,0
5/15/2009,,72,40,0,0,0
5/16/2009,,74,45,0.92,0,0
5/17/2009,,67,32,0,0,0
5/18/2009,,60,29,0,0,0
5/19/2009,,69,34,0,0,0
5/20/2009,,75,44,0,0,0
5/21/2009,,84,49,0,0,0
5/22/2009,,83,53,0,0,0
5/23/2009,,74,44,0,0,0
5/24/2009,,81,49,0.09,0,0
5/25/2009,,76,49,0.06,0,0
5/26/2009,,74,51,0,0,0
5/27/2009,,73,56,0.42,0,0
5/28/2009,,82,63,0.28,0,0
5/29/2009,,67,48,0.06,0,0
5/30/2009,,78,41,0.05,0,0
5/31/2009,,74,38,0,0,0
6/1/2009,,68,42,0,0,0
6/2/2009,,78,48,0.22,0,0
6/3/2009,,67,49,0,0,0
6/4/2009,,67,41,0,0,0
6/5/2009,,71,37,0,0,0
6/6/2009,,76,43,0,0,0
6/7/2009,,77,50,0.08,0,0
6/8/2009,,80,52,0.01,0,0
6/9/2009,,76,57,0.37,0,0
6/10/2009,,73,52,0,0,0
6/11/2009,,76,56,0,0,0
6/12/2009,,61,50,1.02,0,0
6/13/2009,,76,49,0.02,0,0
6/14/2009,,68,46,0.03,0,0
6/15/2009,,80,51,0,0,0
6/16/2009,,80,48,0,0,0
6/17/2009,,80,54,0.02,0,0
6/18/2009,,77,58,0.25,0,0
6/19/2009,,80,61,0.43,0,0
6/20/2009,,81,62,1.46,0,0
6/21/2009,,84,61,0,0,0
6/22/2009,,83,59,0,0,0
6/23/2009,,85,60,0,0,0
6/24/2009,,88,64,0,0,0
6/25/2009,,92,69,0,0,0
6/26/2009,,92,64,0.79,0,0
6/27/2009,,83,56,0,0,0
6/28/2009,,84,59,0.01,0,0
6/29/2009,,82,56,0,0,0
6/30/2009,,77,58,0.02,0,0
7/1/2009,,67,58,0,0,0
7/2/2009,,73,55,0.28,0,0
7/3/2009,,66,56,0,0,0
7/4/2009,,74,50,0,0,0
7/5/2009,,75,52,0,0,0
7/6/2009,,81,55,0,0,0
7/7/2009,,80,53,0,0,0
7/8/2009,,73,48,0,0,0
7/9/2009,,77,53,0,0,0
7/10/2009,,83,53,0,0,0
7/11/2009,,84,57,0,0,0
7/12/2009,,85,52,1.19,0,0
7/13/2009,,79,45,0,0,0
7/14/2009,,77,46,0,0,0
7/15/2009,,80,49,0,0,0
7/16/2009,,84,57,0.02,0,0
7/17/2009,,82,61,0,0,0
7/18/2009,,74,52,0,0,0
7/19/2009,,70,50,0,0,0
7/20/2009,,75,54,0,0,0
7/21/2009,,83,54,0,0,0
7/22/2009,,80,59,0,0,0
7/23/2009,,74,63,0.21,0,0
7/24/2009,,78,58,0.28,0,0
7/25/2009,,82,59,0.03,0,0
7/26/2009,,80,59,0.18,0,0
7/27/2009,,78,56,0.02,0,0
7/28/2009,,84,58,0,0,0
7/29/2009,,84,65,0.58,0,0
7/30/2009,,80,52,0.01,0,0
7/31/2009,,79,53,0,0,0
8/1/2009,,80,54,0,0,0
8/2/2009,,81,57,0,0,0
8/3/2009,,77,51,0,0,0
8/4/2009,,81,55,0,0,0
8/5/2009,,85,53,0,0,0
8/6/2009,,78,52,0,0,0
8/7/2009,,80,54,0,0,0
8/8/2009,,80,54,0.08,0,0
8/9/2009,,78,61,1.32,0,0
8/10/2009,,94,67,0.11,0,0
8/11/2009,,87,65,0,0,0
8/12/2009,,83,59,0,0,0
8/13/2009,,82,57,0,0,0
8/14/2009,,86,57,0,0,0
8/15/2009,,88,58,0,0,0
8/16/2009,,88,60,0,0,0
8/17/2009,,91,64,0,0,0
8/18/2009,,82,68,0.08,0,0
8/19/2009,,84,61,0,0,0
8/20/2009,,85,61,0.03,0,0
8/21/2009,,82,61,0.03,0,0
8/22/2009,,79,56,0.16,0,0
8/23/2009,,66,56,0,0,0
8/24/2009,,72,50,0,0,0
8/25/2009,,79,51,0,0,0
8/26/2009,,83,53,0.02,0,0
8/27/2009,,68,54,0.43,0,0
8/28/2009,,72,55,0.21,0,0
8/29/2009,,65,57,1.01,0,0
8/30/2009,,74,51,0.01,0,0
8/31/2009,,68,42,0,0,0
9/1/2009,,70,42,0,0,0
9/2/2009,,75,42,0,0,0
9/3/2009,,78,44,0,0,0
9/4/2009,,78,47,0,0,0
9/5/2009,,79,49,0,0,0
9/6/2009,,80,49,0,0,0
9/7/2009,,81,49,0,0,0
9/8/2009,,74,62,0.42,0,0
9/9/2009,,70,60,0.47,0,0
9/10/2009,,81,58,0,0,0
9/11/2009,,82,55,0,0,0
9/12/2009,,78,51,0,0,0
9/13/2009,,77,47,0,0,0
9/14/2009,,81,49,0,0,0
9/15/2009,,83,59,0,0,0
9/16/2009,,80,51,0,0,0
9/17/2009,,72,45,0,0,0
9/18/2009,,74,42,0,0,0
9/19/2009,,76,41,0,0,0
9/20/2009,,73,41,0,0,0
9/21/2009,,77,47,0.14,0,0
9/22/2009,,78,67,0.01,0,0
9/23/2009,,81,66,0.02,0,0
9/24/2009,,76,58,0,0,0
9/25/2009,,74,51,0,0,0
9/26/2009,,74,52,0.02,0,0
9/27/2009,,70,52,0,0,0
9/28/2009,,73,52,0.32,0,0
9/29/2009,,57,47,0.43,0,0
9/30/2009,,62,44,0.02,0,0
10/1/2009,,57,30,0,0,0
10/2/2009,,63,31,0.21,0,0
10/3/2009,,61,48,0.42,0,0
10/4/2009,,59,48,0.13,0,0
10/5/2009,,60,41,0.15,0,0
10/6/2009,,60,38,0,0,0
10/7/2009,,59,38,0.17,0,0
10/8/2009,,60,35,0,0,0
10/9/2009,,59,37,0.19,0,0
10/10/2009,,52,40,0.65,0,0
10/11/2009,,56,27,0,0,0
10/12/2009,,49,30,0,0,0
10/13/2009,,51,39,0.01,0,0
10/14/2009,,50,30,0,0,0
10/15/2009,,46,37,0,0,0
10/16/2009,,47,32,0.05,0,0
10/17/2009,,48,30,0,0,0
10/18/2009,,48,27,0,0,0
10/19/2009,,54,26,0,0,0
10/20/2009,,62,33,0,0,0
10/21/2009,,66,42,0.3,0,0
10/22/2009,,71,51,0,0,0
10/23/2009,,64,43,0.27,0,0
10/24/2009,,60,46,0.84,0,0
10/25/2009,,49,33,0.04,0,0
10/26/2009,,62,35,0.01,0,0
10/27/2009,,67,40,0,0,0
10/28/2009,,57,49,0.15,0,0
10/29/2009,,62,38,0,0,0
10/30/2009,,60,46,0.06,0,0
10/31/2009,,71,47,0.45,0,0
11/1/2009,,51,35,0,0,0
11/2/2009,,52,30,0,0,0
11/3/2009,,54,34,0.03,0,0
11/4/2009,,48,26,0,0,0
11/5/2009,,48,32,0.01,0,0
11/6/2009,,50,23,0.01,0,0
11/7/2009,,53,23,0,0,0
11/8/2009,,67,35,0,0,0
11/9/2009,,69,35,0,0,0
11/10/2009,,67,45,0.06,0,0
11/11/2009,,56,31,0,0,0
11/12/2009,,55,26,0,0,0
11/13/2009,,54,26,0,0,0
11/14/2009,,60,31,0,0,0
11/15/2009,,67,36,0,0,0
11/16/2009,,56,41,0,0,0
11/17/2009,,46,35,0,0,0
11/18/2009,,52,35,0,0,0
11/19/2009,,56,40,0.17,0,0
11/20/2009,,48,41,0,0,0
11/21/2009,,48,42,0,0,0
11/22/2009,,56,31,0,0,0
11/23/2009,,50,34,0,0,0
11/24/2009,,50,41,0.01,0,0
11/25/2009,,49,44,0.12,0,0
11/26/2009,,50,37,0.1,0,0
11/27/2009,,39,31,0.13,0.2,0
11/28/2009,,37,26,0,0,0
11/29/2009,,50,26,0,0,0
11/30/2009,,48,27,0.18,0,0
12/1/2009,,39,31,0,0,0
12/2/2009,,49,29,0,0,0
12/3/2009,,43,28,0.82,0,0
12/4/2009,,43,24,0.01,0,0
12/5/2009,,32,14,0,0,0
12/6/2009,,29,14,0,0,0
12/7/2009,,38,20,0,0,0
12/8/2009,,33,23,0.01,0.2,0
12/9/2009,,39,24,0.75,2.6,2
12/10/2009,,39,15,0.05,1.2,1
12/11/2009,,16,11,0.01,0.2,1
12/12/2009,,24,13,0,0,1
12/13/2009,,39,15,0.29,0.3,0
12/14/2009,,37,33,0.01,0,0
12/15/2009,,40,33,0.05,0,0
12/16/2009,,34,17,0.02,0.2,0
12/17/2009,,26,11,0,0,0
12/18/2009,,31,13,0,0,0
12/19/2009,,37,27,0.1,0.9,1
12/20/2009,,32,18,0.07,0.6,2
12/21/2009,,36,21,0.02,0.4,2
12/22/2009,,31,27,0,0,2
12/23/2009,,33,15,0,0,1
12/24/2009,,34,14,0,0,1
12/25/2009,,35,26,0.22,0,1
12/26/2009,,40,26,0.59,0.1,0
12/27/2009,,35,26,0.06,1.1,1
12/28/2009,,29,19,0.07,1,1
12/29/2009,,30,16,0.09,1.1,2
12/30/2009,,27,10,0,0,2
12/31/2009,,32,17,0.1,1.4,3
1/1/2010,,35,21,0.02,0.4,2
1/2/2010,,26,11,0,0.1,2
1/3/2010,,14,5,0,0,2
1/4/2010,,23,7,0.05,1.3,3
1/5/2010,,25,19,0.02,0.4,3
1/6/2010,,27,22,0.02,0.2,2
1/7/2010,,29,24,0,0,2
1/8/2010,,24,20,0.36,4,6
1/9/2010,,24,11,0,0,6
1/10/2010,,27,2,0,0,5
1/11/2010,,30,12,0.02,0.3,6
1/12/2010,,24,16,0.07,1,6
1/13/2010,,27,15,0,0,6
1/14/2010,,33,23,0,0,5
1/15/2010,,39,23,0,0,3
1/16/2010,,35,29,0,0,3
1/17/2010,,35,25,0,0,3
1/18/2010,,34,21,0,0,3
1/19/2010,,32,27,0,0,3
1/20/2010,,35,26,0,0,3
1/21/2010,,32,18,0,0,3
1/22/2010,,37,21,0,0,2
1/23/2010,,38,30,0,0,2
1/24/2010,,39,32,0.1,0,1
1/25/2010,,47,34,0.22,0,0
1/26/2010,,34,22,0.02,0.4,0
1/27/2010,,26,16,0.04,0.6,1
1/28/2010,,28,16,0.05,0.9,1
1/29/2010,,17,4,0,0,0
1/30/2010,,22,5,0,0,0
1/31/2010,,24,8,0,0,0
2/1/2010,,29,7,0,0,0
2/2/2010,,27,8,0.01,0.1,0
2/3/2010,,31,22,0.11,2.4,2
2/4/2010,,34,14,0.01,0.3,1
2/5/2010,,33,14,0,0,0
2/6/2010,,31,20,0.02,0.3,0
2/7/2010,,29,16,0,0,0
2/8/2010,,34,8,0,0.1,0
2/9/2010,,36,8,0.01,0.1,0
2/10/2010,,26,22,0.62,8.7,8
2/11/2010,,27,23,0.02,0.3,7
2/12/2010,,29,19,0,0,6
2/13/2010,,29,18,0.01,0.2,5
2/14/2010,,30,18,0.02,0.4,5
2/15/2010,,34,25,0,0,4
2/16/2010,,31,22,0.03,0.4,4
2/17/2010,,32,23,0.04,1.1,5
2/18/2010,,35,25,0,0,4
2/19/2010,,40,23,0,0,4
2/20/2010,,40,21,0,0,3
2/21/2010,,43,21,0,0,2
2/22/2010,,46,29,0.62,6.9,8
2/23/2010,,32,28,0.2,2.1,10
2/24/2010,,36,19,0.02,0.5,9
2/25/2010,,34,19,0.26,4.1,12
2/26/2010,,27,19,0.05,0.4,11
2/27/2010,,30,25,0.28,2.7,12
2/28/2010,,37,29,0.02,0.2,10
3/1/2010,,44,31,0,0,8
3/2/2010,,43,20,0,0,7
3/3/2010,,41,25,0,0,6
3/4/2010,,42,21,0,0,6
3/5/2010,,43,16,0,0,5
3/6/2010,,45,18,0,0,4
3/7/2010,,47,20,0,0,3
3/8/2010,,50,21,0,0,2
3/9/2010,,55,22,0,0,0
3/10/2010,,58,26,0.01,0,0
3/11/2010,,56,36,0,0,0
3/12/2010,,64,39,0.49,0,0
3/13/2010,,56,45,0.11,0,0
3/14/2010,,45,36,0.35,0,0
3/15/2010,,42,36,0.03,0,0
3/16/2010,,55,28,0,0,0
3/17/2010,,64,26,0,0,0
3/18/2010,,66,26,0,0,0
3/19/2010,,66,37,0,0,0
3/20/2010,,66,35,0,0,0
3/21/2010,,44,31,0.01,0,0
3/22/2010,,53,32,0,0,0
3/23/2010,,47,37,0.11,0,0
3/24/2010,,57,31,0,0,0
3/25/2010,,60,32,0.01,0,0
3/26/2010,,46,20,0.12,0,0
3/27/2010,,42,21,0,0,0
3/28/2010,,50,23,0,0,0
3/29/2010,,45,34,0.35,0,0
3/30/2010,,46,23,0,0,0
3/31/2010,,58,23,0,0,0
4/1/2010,,73,32,0,0,0
4/2/2010,,78,48,0,0,0
4/3/2010,,78,46,0,0,0
4/4/2010,,75,31,0.02,0,0
4/5/2010,,71,31,0.04,0,0
4/6/2010,,74,47,0.2,0,0
4/7/2010,,79,53,0.08,0,0
4/8/2010,,65,52,0.77,0,0
4/9/2010,,52,34,0,0,0
4/10/2010,,48,25,0,0,0
4/11/2010,,69,25,0,0,0
4/12/2010,,67,29,0,0,0
4/13/2010,,64,30,0.17,0,0
4/14/2010,,57,41,0.03,0,0
4/15/2010,,67,41,0,0,0
4/16/2010,,83,48,0,0,0
4/17/2010,,69,37,0,0,0
4/18/2010,,47,32,0,0,0
4/19/2010,,52,29,0,0,0
4/20/2010,,64,31,0,0,0
4/21/2010,,64,33,0,0,0
4/22/2010,,71,34,0,0,0
4/23/2010,,62,31,0,0,0
4/24/2010,,65,34,0,0,0
4/25/2010,,64,50,0.67,0,0
4/26/2010,,53,45,0.47,0,0
4/27/2010,,65,34,0.01,0,0
4/28/2010,,55,29,0,0,0
4/29/2010,,61,30,0,0,0
4/30/2010,,66,32,0.02,0,0
5/1/2010,,81,52,0.41,0,0
5/2/2010,,72,61,0.72,0,0
5/3/2010,,76,53,0.33,0,0
5/4/2010,,75,47,0.04,0,0
5/5/2010,,74,50,0,0,0
5/6/2010,,78,48,0.03,0,0
5/7/2010,,66,46,0.01,0,0
5/8/2010,,61,45,0.98,0,0
5/9/2010,,51,32,0.05,0,0
5/10/2010,,56,30,0,0,0
5/11/2010,,60,37,0.17,0,0
5/12/2010,,46,42,0.96,0,0
5/13/2010,,51,43,0.04,0,0
5/14/2010,,69,45,0.6,0,0
5/15/2010,,69,43,0,0,0
5/16/2010,,66,41,0,0,0
5/17/2010,,67,44,0,0,0
5/18/2010,,65,49,0.51,0,0
5/19/2010,,60,41,0.05,0,0
5/20/2010,,75,41,0,0,0
5/21/2010,,82,49,0,0,0
5/22/2010,,75,58,1.24,0,0
5/23/2010,,75,52,0,0,0
5/24/2010,,85,55,0,0,0
5/25/2010,,85,56,0,0,0
5/26/2010,,85,58,0,0,0
5/27/2010,,89,60,0,0,0
5/28/2010,,86,58,0,0,0
5/29/2010,,86,56,0,0,0
5/30/2010,,86,55,0,0,0
5/31/2010,,89,58,0,0,0
6/1/2010,,87,63,1.56,0,0
6/2/2010,,82,56,0,0,0
6/3/2010,,75,59,0.71,0,0
6/4/2010,,76,57,0,0,0
6/5/2010,,83,61,0.18,0,0
6/6/2010,,79,59,3.53,0,0
6/7/2010,,70,48,0.08,0,0
6/8/2010,,70,45,0,0,0
6/9/2010,,72,50,0.26,0,0
6/10/2010,,80,58,0.01,0,0
6/11/2010,,78,60,0,0,0
6/12/2010,,83,62,0.01,0,0
6/13/2010,,87,65,0,0,0
6/14/2010,,75,63,0.01,0,0
6/15/2010,,80,64,0,0,0
6/16/2010,,81,64,0.06,0,0
6/17/2010,,80,61,0,0,0
6/18/2010,,79,54,0,0,0
6/19/2010,,89,59,0.69,0,0
6/20/2010,,84,62,0,0,0
6/21/2010,,82,59,0,0,0
6/22/2010,,84,62,0.8,0,0
6/23/2010,,86,65,0,0,0
6/24/2010,,87,65,0.84,0,0
6/25/2010,,80,53,0,0,0
6/26/2010,,82,56,0,0,0
6/27/2010,,86,64,0.01,0,0
6/28/2010,,85,66,0.27,0,0
6/29/2010,,84,55,0,0,0
6/30/2010,,72,45,0,0,0
7/1/2010,,73,47,0,0,0
7/2/2010,,77,47,0,0,0
7/3/2010,,82,52,0,0,0
7/4/2010,,86,55,0,0,0
7/5/2010,,92,61,0,0,0
7/6/2010,,92,66,0,0,0
7/7/2010,,92,68,0,0,0
7/8/2010,,95,69,0,0,0
7/9/2010,,92,71,0.13,0,0
7/10/2010,,83,61,0,0,0
7/11/2010,,89,60,0,0,0
7/12/2010,,88,62,0.35,0,0
7/13/2010,,84,65,0,0,0
7/14/2010,,84,62,0.31,0,0
7/15/2010,,88,65,0,0,0
7/16/2010,,91,63,0.08,0,0
7/17/2010,,87,65,0,0,0
7/18/2010,,89,61,0,0,0
7/19/2010,,90,63,0.31,0,0
7/20/2010,,84,64,2.05,0,0
7/21/2010,,83,64,0,0,0
7/22/2010,,87,58,0,0,0
7/23/2010,,84,61,0.25,0,0
7/24/2010,,91,71,1.82,0,0
7/25/2010,,87,71,0.87,0,0
7/26/2010,,81,58,0,0,0
7/27/2010,,83,59,0,0,0
7/28/2010,,86,61,0,0,0
7/29/2010,,89,59,0.81,0,0
7/30/2010,,80,57,0,0,0
7/31/2010,,82,58,0.01,0,0
8/1/2010,,78,63,0.02,0,0
8/2/2010,,85,61,0,0,0
8/3/2010,,87,63,0,0,0
8/4/2010,,85,67,0,0,0
8/5/2010,,88,67,0,0,0
8/6/2010,,86,59,0,0,0
8/7/2010,,81,52,0,0,0
8/8/2010,,83,54,0,0,0
8/9/2010,,86,64,0,0,0
8/10/2010,,82,65,0.08,0,0
8/11/2010,,90,66,0,0,0
8/12/2010,,84,70,1.54,0,0
8/13/2010,,87,68,0,0,0
8/14/2010,,88,69,0,0,0
8/15/2010,,84,70,0,0,0
8/16/2010,,90,62,0,0,0
8/17/2010,,80,55,0,0,0
8/18/2010,,83,56,0.01,0,0
8/19/2010,,81,59,0.01,0,0
8/20/2010,,87,60,0,0,0
8/21/2010,,88,63,0,0,0
8/22/2010,,71,64,0.35,0,0
8/23/2010,,80,64,0,0,0
8/24/2010,,76,59,0,0,0
8/25/2010,,80,60,0,0,0
8/26/2010,,79,51,0,0,0
8/27/2010,,75,47,0,0,0
8/28/2010,,81,48,0,0,0
8/29/2010,,86,53,0,0,0
8/30/2010,,93,56,0,0,0
8/31/2010,,93,65,0,0,0
9/1/2010,,92,64,0,0,0
9/2/2010,,91,65,0.02,0,0
9/3/2010,,79,67,0.15,0,0
9/4/2010,,76,52,0.06,0,0
9/5/2010,,66,42,0,0,0
9/6/2010,,73,42,0.03,0,0
9/7/2010,,75,55,0.02,0,0
9/8/2010,,86,54,0,0,0
9/9/2010,,69,46,0,0,0
9/10/2010,,70,42,0,0,0
9/11/2010,,68,43,0,0,0
9/12/2010,,67,48,0.22,0,0
9/13/2010,,76,52,0,0,0
9/14/2010,,80,48,0,0,0
9/15/2010,,74,46,0,0,0
9/16/2010,,75,46,0.65,0,0
9/17/2010,,74,47,0.3,0,0
9/18/2010,,68,47,0,0,0
9/19/2010,,71,50,0.05,0,0
9/20/2010,,71,55,0,0,0
9/21/2010,,71,55,0,0,0
9/22/2010,,87,55,0.37,0,0
9/23/2010,,76,59,0.02,0,0
9/24/2010,,88,60,0,0,0
9/25/2010,,81,54,0,0,0
9/26/2010,,59,43,0,0,0
9/27/2010,,59,43,0,0,0
9/28/2010,,61,50,0.1,0,0
9/29/2010,,57,43,0.44,0,0
9/30/2010,,73,43,0,0,0
10/1/2010,,72,43,0,0,0
10/2/2010,,66,44,0.16,0,0
10/3/2010,,54,40,0.08,0,0
10/4/2010,,56,40,0,0,0
10/5/2010,,60,40,0,0,0
10/6/2010,,65,39,0,0,0
10/7/2010,,71,41,0,0,0
10/8/2010,,71,38,0,0,0
10/9/2010,,78,38,0,0,0
10/10/2010,,77,47,0,0,0
10/11/2010,,83,47,0,0,0
10/12/2010,,81,45,0,0,0
10/13/2010,,69,41,0,0,0
10/14/2010,,66,43,0.45,0,0
10/15/2010,,63,42,0,0,0
10/16/2010,,61,35,0,0,0
10/17/2010,,65,35,0,0,0
10/18/2010,,66,42,0,0,0
10/19/2010,,59,32,0,0,0
10/20/2010,,60,32,0,0,0
10/21/2010,,66,35,0.24,0,0
10/22/2010,,54,30,0,0,0
10/23/2010,,59,30,0,0,0
10/24/2010,,67,48,0.05,0,0
10/25/2010,,74,52,0.01,0,0
10/26/2010,,73,55,0,0,0
10/27/2010,,69,48,0.15,0,0
10/28/2010,,69,44,0,0,0
10/29/2010,,49,40,0.05,0,0
10/30/2010,,53,36,0,0,0
10/31/2010,,62,32,0,0,0
11/1/2010,,50,24,0,0,0
11/2/2010,,52,24,0,0,0
11/3/2010,,52,22,0,0,0
11/4/2010,,47,22,0.04,0,0
11/5/2010,,50,31,0,0,0
11/6/2010,,40,24,0,0,0
11/7/2010,,45,27,0,0,0
11/8/2010,,54,26,0,0,0
11/9/2010,,63,27,0,0,0
11/10/2010,,63,30,0,0,0
11/11/2010,,57,33,0,0,0
11/12/2010,,65,35,0,0,0
11/13/2010,,68,31,0,0,0
11/14/2010,,61,35,0.08,0,0
11/15/2010,,40,31,0,0,0
11/16/2010,,51,24,0.01,0,0
11/17/2010,,49,24,0.62,0,0
11/18/2010,,54,36,0.03,0,0
11/19/2010,,44,25,0,0,0
11/20/2010,,46,25,0,0,0
11/21/2010,,50,32,0,0,0
11/22/2010,,60,39,0.19,0,0
11/23/2010,,62,41,0.87,0,0
11/24/2010,,43,20,0,0,0
11/25/2010,,40,22,0.35,0,0
11/26/2010,,45,25,0.39,0,0
11/27/2010,,32,24,0,0,0
11/28/2010,,38,21,0,0,0
11/29/2010,,40,21,0,0,0
11/30/2010,,53,23,0.56,0,0
12/1/2010,,55,28,0.07,0.2,0
12/2/2010,,30,24,0.03,0.8,0
12/3/2010,,28,24,0.01,0.2,0
12/4/2010,,33,25,0,0,0
12/5/2010,,31,23,0,0,0
12/6/2010,,30,23,0.01,0.2,0
12/7/2010,,28,21,0.03,0.7,0
12/8/2010,,26,18,0,0.1,0
12/9/2010,,28,8,0.02,0.2,0
12/10/2010,,31,9,0.11,1,1
12/11/2010,,40,20,0,0,0
12/12/2010,,42,21,0.46,0.8,1
12/13/2010,,33,11,0.51,4.5,5
12/14/2010,,14,8,0,0,5
12/15/2010,,22,9,0,0,4
12/16/2010,,27,5,0,0,4
12/17/2010,,26,5,0,0,4
12/18/2010,,28,9,0,0.1,4
12/19/2010,,22,12,0.01,0.1,4
12/20/2010,,25,17,0.01,0.1,4
12/21/2010,,33,20,0,0,4
12/22/2010,,30,22,0.03,0.4,4
12/23/2010,,32,25,0.01,0.3,4
12/24/2010,,32,25,0,0,4
12/25/2010,,30,22,0,0.1,4
12/26/2010,,30,22,0.02,0.2,4
12/27/2010,,28,19,0,0.1,4
12/28/2010,,26,13,0,0,4
12/29/2010,,33,13,0,0,4
12/30/2010,,33,18,0.04,0,3
12/31/2010,,43,33,0.02,0,0
1/1/2011,,52,42,0.47,0,0
1/2/2011,,51,18,0.02,0,0
1/3/2011,,25,16,0,0.1,0
1/4/2011,,36,17,0,0,0
1/5/2011,,36,14,0.04,0.8,1
1/6/2011,,25,18,0.05,1.1,1
1/7/2011,,30,18,0.11,2.1,3
1/8/2011,,23,8,0.07,1.3,3
1/9/2011,,25,9,0,0,2
1/10/2011,,30,7,0,0,2
1/11/2011,,30,12,0,0,2
1/12/2011,,26,21,0.34,3.6,5
1/13/2011,,24,10,0,0,5
1/14/2011,,27,14,0.05,0.8,5
1/15/2011,,26,15,0.12,2,6
1/16/2011,,28,5,0.02,0.3,6
1/17/2011,,22,4,0,0,6
1/18/2011,,35,12,0.07,0,5
1/19/2011,,37,19,0.05,0,3
1/20/2011,,22,12,0.01,0.2,3
1/21/2011,,24,8,0.07,0.8,4
1/22/2011,,17,1,0,0,4
1/23/2011,,16,2,0.04,0.5,4
1/24/2011,,18,-3,0.01,0.2,4
1/25/2011,,30,11,0.08,1.7,6
1/26/2011,,31,25,0,0,5
1/27/2011,,30,25,0,0,5
1/28/2011,,25,21,0.12,1.7,6
1/29/2011,,31,22,0.14,1.8,7
1/30/2011,,29,22,0.02,0.2,7
1/31/2011,,28,4,0,0,7
2/1/2011,,21,10,0.1,1,8
2/2/2011,,22,15,0.86,5.6,11
2/3/2011,,25,1,0.05,1.2,11
2/4/2011,,28,3,0,0,10
2/5/2011,,29,5,0,0,10
2/6/2011,,25,10,0.46,4.2,14
2/7/2011,,32,24,0.06,0.5,14
2/8/2011,,31,9,0.02,0.2,13
2/9/2011,,22,6,0,0,13
2/10/2011,,21,-3,0,0,12
2/11/2011,,19,-5,0,0,12
2/12/2011,,30,3,0.02,0.3,12
2/13/2011,,37,26,0.02,0.4,11
2/14/2011,,46,33,0,0,9
2/15/2011,,43,11,0,0,8
2/16/2011,,37,11,0,0,8
2/17/2011,,50,31,0,0,6
2/18/2011,,54,43,0,0,0
2/19/2011,,51,26,0,0,0
2/20/2011,,39,11,0,0,0
2/21/2011,,33,19,1.45,9.1,9
2/22/2011,,25,11,0.07,1,9
2/23/2011,,28,0,0,0,8
2/24/2011,,29,1,0.14,1,9
2/25/2011,,38,26,0.07,1.7,8
2/26/2011,,34,17,0.05,0.6,8
2/27/2011,,32,17,0.08,1.1,8
2/28/2011,,39,31,0.64,0,6
3/1/2011,,37,13,0,0,5
3/2/2011,,38,15,0,0,4
3/3/2011,,33,12,0,0,4
3/4/2011,,30,18,0.01,0,4
3/5/2011,,46,30,0.68,0,2
3/6/2011,,45,23,0.6,4.3,5
3/7/2011,,35,9,0,0,3
3/8/2011,,40,10,0,0,2
3/9/2011,,45,23,0.06,0,1
3/10/2011,,43,34,0.48,0,0
3/11/2011,,39,28,0.15,1.9,2
3/12/2011,,45,29,0,0,0
3/13/2011,,47,32,0,0,0
3/14/2011,,40,24,0,0,0
3/15/2011,,43,24,0,0,0
3/16/2011,,42,26,0.17,0,0
3/17/2011,,57,37,0,0,0
3/18/2011,,69,39,0,0,0
3/19/2011,,59,29,0,0,0
3/20/2011,,50,29,0,0,0
3/21/2011,,50,29,0.83,0,0
3/22/2011,,55,38,0,0,0
3/23/2011,,42,33,0.58,0,0
3/24/2011,,34,24,0.04,0,0
3/25/2011,,34,15,0,0,0
3/26/2011,,33,11,0,0,0
3/27/2011,,36,11,0,0,0
3/28/2011,,38,14,0,0,0
3/29/2011,,39,14,0,0,0
3/30/2011,,46,15,0,0,0
3/31/2011,,43,17,0,0,0
4/1/2011,,47,17,0,0,0
4/2/2011,,49,23,0,0,0
4/3/2011,,50,25,0.04,0.1,0
4/4/2011,,55,25,0.14,0,0
4/5/2011,,63,34,0,0,0
4/6/2011,,48,27,0.03,0,0
4/7/2011,,41,35,0.74,0,0
4/8/2011,,50,37,0.21,0,0
4/9/2011,,54,31,0.33,0,0
4/10/2011,,54,32,0,0,0
4/11/2011,,83,44,0.21,0,0
4/12/2011,,64,38,0,0,0
4/13/2011,,61,33,0,0,0
4/14/2011,,65,33,0,0,0
4/15/2011,,57,34,0,0,0
4/16/2011,,53,35,0.16,0,0
4/17/2011,,56,36,0.05,0,0
4/18/2011,,48,31,0.03,0.3,0
4/19/2011,,41,31,0.28,1.7,0
4/20/2011,,41,32,0.5,0,0
4/21/2011,,45,32,0.01,0,0
4/22/2011,,54,35,0.07,0,0
4/23/2011,,54,35,0.65,0,0
4/24/2011,,72,45,0.05,0,0
4/25/2011,,65,45,0,0,0
4/26/2011,,52,46,0.47,0,0
4/27/2011,,73,47,0.08,0,0
4/28/2011,,70,47,1.4,0,0
4/29/2011,,52,38,0.05,0,0
4/30/2011,,62,33,0,0,0
5/1/2011,,60,39,0.19,,
5/2/2011,,73,48,0.01,,
5/3/2011,,59,42,0.01,,
5/4/2011,,50,32,0,,
5/5/2011,,60,40,0,,
5/6/2011,,66,42,0.01,,
5/7/2011,,64,42,0.04,,
5/8/2011,,71,42,0,,
5/9/2011,,71,38,0,,
5/10/2011,,69,44,0.06,,
5/11/2011,,73,52,0,,
5/12/2011,,80,54,0.63,,
5/13/2011,,86,56,0.03,,
5/14/2011,,83,61,0.05,,
5/15/2011,,64,49,0.08,,
5/16/2011,,51,41,0.7,,
5/17/2011,,52,41,0,,
5/18/2011,,57,46,0.26,,
5/19/2011,,63,53,0.16,,
5/20/2011,,71,52,0.21,,
5/21/2011,,78,49,0,,
5/22/2011,,80,53,0.05,,
5/23/2011,,86,58,0,,
5/24/2011,,81,57,0.94,,
5/25/2011,,78,49,0,,
5/26/2011,,67,48,2.53,,
5/27/2011,,71,45,0.56,,
5/28/2011,,56,47,0.02,,
5/29/2011,,70,55,0.31,,
5/30/2011,,81,57,0.03,,
5/31/2011,,91,60,0,,
6/1/2011,,91,66,0,,
6/2/2011,,80,51,0,,
6/3/2011,,76,48,0,,
6/4/2011,,76,53,0,,
6/5/2011,,92,60,0,,
6/6/2011,,87,54,0,,
6/7/2011,,87,59,0,,
6/8/2011,,95,69,0,,
6/9/2011,,94,67,0.01,,
6/10/2011,,77,54,0,,
6/11/2011,,62,53,0.59,,
6/12/2011,,81,54,0,,
6/13/2011,,65,49,0,,
6/14/2011,,76,49,0,,
6/15/2011,,78,49,0,,
6/16/2011,,74,56,0.12,,
6/17/2011,,77,53,0.01,,
6/18/2011,,82,57,0,,
6/19/2011,,86,57,0,,
6/20/2011,,84,56,0,,
6/21/2011,,78,63,0.04,,
6/22/2011,,89,69,0.01,,
6/23/2011,,86,64,0.32,,
6/24/2011,,75,60,0.17,,
6/25/2011,,70,57,0.04,,
6/26/2011,,78,56,0,,
6/27/2011,,83,55,0,,
6/28/2011,,84,57,0,,
6/29/2011,,77,55,0,,
6/30/2011,,80,51,0,,
7/1/2011,,85,54,0,,
7/2/2011,,90,61,0,,
7/3/2011,,96,65,0.63,0,0
7/4/2011,,88,64,0,,
7/5/2011,,88,59,0,,
7/6/2011,,89,63,0,,
7/7/2011,,88,60,0,,
7/8/2011,,85,60,0,,
7/9/2011,,87,58,0,,
7/10/2011,,90,61,0,,
7/11/2011,,93,66,0,,
7/12/2011,,81,65,0.54,,
7/13/2011,,88,61,0,,
7/14/2011,,80,50,0,,
7/15/2011,,84,55,0,,
7/16/2011,,89,60,0,,
7/17/2011,,91,62,0,,
7/18/2011,,94,68,0,,
7/19/2011,,94,74,0.06,,
7/20/2011,,95,71,0,,
7/21/2011,,96,74,0,,
7/22/2011,,98,65,0,,
7/23/2011,,93,68,0.1,,
7/24/2011,,90,69,0.56,,
7/25/2011,,91,70,0,,
7/26/2011,,87,64,0,,
7/27/2011,,86,57,0,,
7/28/2011,,84,59,4.75,,
7/29/2011,,89,70,1.16,,
7/30/2011,,87,63,0.03,,
7/31/2011,,90,64,0,,
8/1/2011,,91,65,0,,
8/2/2011,,90,69,0,,
8/3/2011,,87,71,0.65,,
8/4/2011,,83,64,0.04,,
8/5/2011,,82,62,0,,
8/6/2011,,88,65,0,,
8/7/2011,,87,69,0.02,,
8/8/2011,,85,67,0,,
8/9/2011,,82,64,0.58,,
8/10/2011,,83,60,0.01,,
8/11/2011,,76,53,0,,
8/12/2011,,80,53,0,,
8/13/2011,,81,55,0,,
8/14/2011,,84,59,0.08,,
8/15/2011,,75,59,0.06,,
8/16/2011,,79,53,0,,
8/17/2011,,82,57,0,,
8/18/2011,,84,58,0.19,,
8/19/2011,,86,55,0.1,,
8/20/2011,,85,56,0,,
8/21/2011,,83,58,0.08,,
8/22/2011,,78,48,0.12,,
8/23/2011,,76,49,0,,
8/24/2011,,83,52,0.25,,
8/25/2011,,90,61,0.41,,
8/26/2011,,76,50,0,,
8/27/2011,,80,51,0,,
8/28/2011,,83,55,0,,
8/29/2011,,77,47,0,,
8/30/2011,,79,48,0,,
8/31/2011,,80,50,0,,
9/1/2011,,85,60,0,,
9/2/2011,,91,66,0,,
9/3/2011,,95,68,0,,
9/4/2011,,95,65,0.55,0,0
9/5/2011,,76,54,0,,
9/6/2011,,61,49,0,,
9/7/2011,,69,51,0,,
9/8/2011,,61,56,0.9,,
9/9/2011,,64,58,0.85,,
9/10/2011,,75,61,0.8,,
9/11/2011,,76,59,0.05,,
9/12/2011,,81,55,0.02,,
9/13/2011,,83,56,0.01,,
9/14/2011,,81,45,0,,
9/15/2011,,70,40,0.23,,
9/16/2011,,60,37,0,,
9/17/2011,,60,37,0,,
9/18/2011,,69,45,0,,
9/19/2011,,73,47,0.08,,
9/20/2011,,67,52,0.51,,
9/21/2011,,73,53,0,,
9/22/2011,,79,47,0,,
9/23/2011,,73,48,0.27,,
9/24/2011,,63,44,0.03,,
9/25/2011,,70,47,0,,
9/26/2011,,77,56,0.54,,
9/27/2011,,71,43,0.44,,
9/28/2011,,71,45,0.21,,
9/29/2011,,62,49,0.18,,
9/30/2011,,63,49,0.24,,
10/1/2011,,53,39,0.16,,
10/2/2011,,54,36,0,,
10/3/2011,,61,37,0.01,,
10/4/2011,,66,42,0,,
10/5/2011,,73,42,0,,
10/6/2011,,77,42,0,,
10/7/2011,,80,45,0,,
10/8/2011,,81,45,0,,
10/9/2011,,83,47,0,,
10/10/2011,,82,47,0,,
10/11/2011,,77,45,0,,
10/12/2011,,80,45,0,,
10/13/2011,,65,53,0,,
10/14/2011,,68,53,0.42,,
10/15/2011,,57,44,0.13,,
10/16/2011,,57,44,0,,
10/17/2011,,60,42,0,,
10/18/2011,,61,34,0,,
10/19/2011,,56,34,0.14,,
10/20/2011,,50,47,1.31,,
10/21/2011,,49,42,0.14,,
10/22/2011,,47,28,0,,
10/23/2011,,61,28,0,,
10/24/2011,,66,33,0.4,,
10/25/2011,,62,38,0,,
10/26/2011,,68,40,0.04,,
10/27/2011,,54,41,0.16,,
10/28/2011,,49,27,0.01,,
10/29/2011,,55,28,0.01,,
10/30/2011,,49,25,0.03,,
10/31/2011,,53,25,0,,
11/1/2011,,49,28,0.01,0,0
11/2/2011,,60,28,0,0,0
11/3/2011,,66,38,0,0,0
11/4/2011,,50,30,0,0,0
11/5/2011,,54,28,0,0,0
11/6/2011,,57,27,0,0,0
11/7/2011,,64,28,0,0,0
11/8/2011,,60,50,0.09,0,0
11/9/2011,,67,51,0.11,0,0
11/10/2011,,62,34,0.34,0,0
11/11/2011,,46,31,0.02,0.2,0
11/12/2011,,42,29,0,0,0
11/13/2011,,60,31,0,0,0
11/14/2011,,62,44,0,0,0
11/15/2011,,55,39,0.63,0,0
11/16/2011,,58,38,0,0,0
11/17/2011,,48,26,0,0,0
11/18/2011,,38,20,0,0.1,0
11/19/2011,,48,24,0,0,0
11/20/2011,,59,37,0,0,0
11/21/2011,,51,31,0,0,0
11/22/2011,,47,28,0,0,0
11/23/2011,,39,33,1.48,0,0
11/24/2011,,53,29,0,0,0
11/25/2011,,43,33,0,0,0
11/26/2011,,59,39,0,0,0
11/27/2011,,61,46,0.24,0,0
11/28/2011,,55,33,0.43,0,0
11/29/2011,,41,33,1.32,0,0
11/30/2011,,38,28,1.2,3,3
12/1/2011,,38,22,0,0,2
12/2/2011,,42,23,0.1,0.9,2
12/3/2011,,38,26,0,0,1
12/4/2011,,47,30,0.17,0,0
12/5/2011,,50,38,0.27,0,0
12/6/2011,,40,28,0.35,3,3
12/7/2011,,34,25,0.01,0.1,1
12/8/2011,,37,23,0,0,0
12/9/2011,,37,23,0.08,1.6,2
12/10/2011,,31,10,0.01,0.2,1
12/11/2011,,30,10,0,0,1
12/12/2011,,36,15,0,0,0
12/13/2011,,43,18,0,0,0
12/14/2011,,41,26,0.13,0,0
12/15/2011,,55,35,0.59,0,0
12/16/2011,,55,31,0.09,0,0
12/17/2011,,34,27,0,0,0
12/18/2011,,31,27,0.06,0.8,0
12/19/2011,,39,31,0,0,0
12/20/2011,,52,31,0,0,0
12/21/2011,,39,31,0.02,0,0
12/22/2011,,46,39,0.05,0,0
12/23/2011,,41,24,0.08,0.2,0
12/24/2011,,29,18,0.02,0.3,0
12/25/2011,,36,19,0,0,0
12/26/2011,,44,30,0,0,0
12/27/2011,,45,31,0.03,0.3,0
12/28/2011,,34,22,0.25,0.9,1
12/29/2011,,29,19,0,0.1,1
12/30/2011,,37,28,0.04,0.4,1
12/31/2011,,44,30,0.37,0,0
1/1/2012,,38,35,0.01,0,0
1/2/2012,,46,25,0.1,1,1
1/3/2012,,28,14,0.04,0.8,1
1/4/2012,,25,15,0,0,1
1/5/2012,,36,20,0,0,1
1/6/2012,,42,27,0,0,0
1/7/2012,,55,34,0,0,0
1/8/2012,,46,24,0,0,0
1/9/2012,,39,19,0,0,0
1/10/2012,,43,21,0,0,0
1/11/2012,,49,25,0,0,0
1/12/2012,,46,25,0.23,0,0
1/13/2012,,39,19,0.23,1.1,1
1/14/2012,,29,19,0.13,2,3
1/15/2012,,25,16,0.05,1.1,3
1/16/2012,,28,15,0,0,2
1/17/2012,,45,20,0.76,0,0
1/18/2012,,51,17,0.41,0.4,0
1/19/2012,,27,17,0,0,0
1/20/2012,,28,-1,0.09,1,1
1/21/2012,,17,1,0.23,1.9,3
1/22/2012,,28,8,0,0,3
1/23/2012,,45,19,0.36,0,1
1/24/2012,,48,30,0.04,0,0
1/25/2012,,33,27,0,0,0
1/26/2012,,31,27,0,0,0
1/27/2012,,35,30,0.38,0.6,1
1/28/2012,,41,28,0.04,0.5,0
1/29/2012,,37,25,0.09,1.1,0
1/30/2012,,33,11,0.08,1.2,1
1/31/2012,,41,17,0,0,1
2/1/2012,,55,37,0.01,0,0
2/2/2012,,47,34,0,0,0
2/3/2012,,41,20,0,0,0
2/4/2012,,39,20,0,0,0
2/5/2012,,45,19,0,0,0
2/6/2012,,46,20,0,0,0
2/7/2012,,50,29,0,0,0
2/8/2012,,36,19,0,0,0
2/9/2012,,37,20,0,0,0
2/10/2012,,40,22,0,0,0
2/11/2012,,32,9,0.27,3.3,3
2/12/2012,,19,9,0.01,0.2,3
2/13/2012,,33,19,0,0,2
2/14/2012,,38,19,0.1,1.1,2
2/15/2012,,33,27,0.03,0.5,2
2/16/2012,,38,32,0.2,0,0
2/17/2012,,44,28,0,0,0
2/18/2012,,44,31,0,0,0
2/19/2012,,37,17,0,0,0
2/20/2012,,35,13,0,0,0
2/21/2012,,40,14,0,0,0
2/22/2012,,40,32,0.17,1.2,0
2/23/2012,,40,29,0.03,0.3,0
2/24/2012,,42,31,0.29,3.1,3
2/25/2012,,36,28,0.1,1.1,2
2/26/2012,,32,20,0.01,0.3,1
2/27/2012,,40,20,0,0,0
2/28/2012,,44,18,0,0,0
2/29/2012,,43,19,0.53,0,0
3/1/2012,,45,32,0.06,0,0
3/2/2012,,42,32,0.02,0,0
3/3/2012,,49,33,0.52,0,0
3/4/2012,,36,25,0.02,0.4,0
3/5/2012,,37,21,0.04,0.6,1
3/6/2012,,33,22,0.01,0.2,0
3/7/2012,,58,30,0,0,0
3/8/2012,,67,45,0.11,0,0
3/9/2012,,54,28,0.09,0.6,1
3/10/2012,,38,18,0,0.1,0
3/11/2012,,49,22,0,0,0
3/12/2012,,67,32,0.03,0,0
3/13/2012,,61,45,0.52,0,0
3/14/2012,,66,33,0,0,0
3/15/2012,,77,33,0,0,0
3/16/2012,,76,50,1.27,0,0
3/17/2012,,73,47,0,0,0
3/18/2012,,77,46,0,0,0
3/19/2012,,73,47,0.01,0,0
3/20/2012,,79,50,0,0,0
3/21/2012,,82,49,0,0,0
3/22/2012,,85,49,0,0,0
3/23/2012,,87,50,0,0,0
3/24/2012,,73,49,0.56,0,0
3/25/2012,,60,50,0.02,0,0
3/26/2012,,71,32,0,0,0
3/27/2012,,47,24,0,0,0
3/28/2012,,55,28,0,0,0
3/29/2012,,67,36,0,0,0
3/30/2012,,50,30,0,0,0
3/31/2012,,42,33,0.61,0,0
4/1/2012,,43,34,0,0,0
4/2/2012,,56,31,0.01,0,0
4/3/2012,,57,31,0,0,0
4/4/2012,,66,38,0.19,0,0
4/5/2012,,61,31,0,0,0
4/6/2012,,50,27,0,0,0
4/7/2012,,58,27,0,0,0
4/8/2012,,65,27,0,0,0
4/9/2012,,61,35,0,0,0
4/10/2012,,61,37,0,0,0
4/11/2012,,45,33,0.01,0.1,0
4/12/2012,,53,27,0,0,0
4/13/2012,,58,27,0,0,0
4/14/2012,,64,29,0.02,0,0
4/15/2012,,63,45,0.34,0,0
4/16/2012,,79,56,0.35,0,0
4/17/2012,,69,35,0.05,0,0
4/18/2012,,58,30,0,0,0
4/19/2012,,65,31,0,0,0
4/20/2012,,73,43,0.03,0,0
4/21/2012,,74,37,0.33,0,0
4/22/2012,,53,33,0,0,0
4/23/2012,,54,34,0,0,0
4/24/2012,,58,37,0,0,0
4/25/2012,,62,32,0,0,0
4/26/2012,,67,34,0.13,0,0
4/27/2012,,59,30,0,0,0
4/28/2012,,56,32,0,0,0
4/29/2012,,45,24,0.05,0,0
4/30/2012,,66,28,0.06,0,0
5/1/2012,,56,44,0.55,,
5/2/2012,,63,49,0.01,,
5/3/2012,,83,52,0,,
5/4/2012,,88,59,0.13,,
5/5/2012,,81,54,0,,
5/6/2012,,73,50,0,,
5/7/2012,,73,49,0.14,,
5/8/2012,,70,49,0.16,,
5/9/2012,,74,44,0,,
5/10/2012,,65,39,0.08,,
5/11/2012,,65,39,0,,
5/12/2012,,76,43,0,,
5/13/2012,,75,51,0.01,,
5/14/2012,,72,44,0.08,,
5/15/2012,,78,43,0,,
5/16/2012,,83,47,0.01,,
5/17/2012,,65,36,0,,
5/18/2012,,72,40,0,,
5/19/2012,,80,44,0,,
5/20/2012,,88,48,0,,
5/21/2012,,91,54,0,,
5/22/2012,,78,53,0.05,,
5/23/2012,,73,44,0,,
5/24/2012,,81,51,0,,
5/25/2012,,88,56,0,,
5/26/2012,,87,58,0,,
5/27/2012,,76,57,0.38,,
5/28/2012,,85,60,0,,
5/29/2012,,93,65,0,,
5/30/2012,,83,49,0,,
5/31/2012,,74,48,0,,
6/1/2012,,64,47,0.23,,
6/2/2012,,57,46,0.07,,
6/3/2012,,74,48,0,,
6/4/2012,,80,49,0,,
6/5/2012,,73,51,0,,
6/6/2012,,70,42,0,,
6/7/2012,,78,48,0,,
6/8/2012,,81,56,0,,
6/9/2012,,85,57,0,,
6/10/2012,,89,55,0,,
6/11/2012,,92,62,0,,
6/12/2012,,80,67,0.07,,
6/13/2012,,79,47,0,,
6/14/2012,,77,45,0,,
6/15/2012,,83,50,0,,
6/16/2012,,89,57,0,,
6/17/2012,,90,65,0,,
6/18/2012,,82,53,0.33,,
6/19/2012,,83,58,0.74,,
6/20/2012,,95,65,0,,
6/21/2012,,92,67,0,,
6/22/2012,,92,60,0.01,,
6/23/2012,,83,53,0,,
6/24/2012,,83,59,0,,
6/25/2012,,87,58,0,,
6/26/2012,,75,45,0,,
6/27/2012,,82,51,0,,
6/28/2012,,89,55,0,,
6/29/2012,,99,67,0,,
6/30/2012,,91,62,0,,
7/1/2012,,92,60,0,,
7/2/2012,,94,61,0,,
7/3/2012,,96,65,0,,
7/4/2012,,91,68,0.38,0,0
7/5/2012,,100,67,0.55,,
7/6/2012,,87,67,0.57,,
7/7/2012,,100,70,0,,
7/8/2012,,98,63,0.14,,
7/9/2012,,85,58,0,,
7/10/2012,,85,60,0,,
7/11/2012,,86,53,0,,
7/12/2012,,86,53,0,,
7/13/2012,,90,57,0,,
7/14/2012,,93,60,0,,
7/15/2012,,92,63,0,,
7/16/2012,,93,66,0,,
7/17/2012,,97,68,0,,
7/18/2012,,100,71,0,,
7/19/2012,,90,68,0.14,,
7/20/2012,,82,61,0.06,,
7/21/2012,,83,52,0,,
7/22/2012,,90,55,0,,
7/23/2012,,93,69,0,,
7/24/2012,,97,75,0,,
7/25/2012,,88,52,0,,
7/26/2012,,92,54,0.01,,
7/27/2012,,84,67,0.04,,
7/28/2012,,87,63,0.22,,
7/29/2012,,84,53,0,,
7/30/2012,,85,56,0,,
7/31/2012,,93,60,0.03,,
8/1/2012,,89,60,0,,
8/2/2012,,86,56,0,,
8/3/2012,,95,60,0,,
8/4/2012,,98,64,0,,
8/5/2012,,93,69,0.05,,
8/6/2012,,89,50,0.02,,
8/7/2012,,86,52,0,,
8/8/2012,,92,54,0,,
8/9/2012,,90,67,0.01,,
8/10/2012,,67,61,1.05,,
8/11/2012,,73,58,0.14,,
8/12/2012,,70,58,0,,
8/13/2012,,80,59,0,,
8/14/2012,,77,61,0.42,,
8/15/2012,,78,55,0,,
8/16/2012,,83,57,0,,
8/17/2012,,81,58,0.05,,
8/18/2012,,77,45,0,,
8/19/2012,,78,45,0,,
8/20/2012,,79,52,0,,
8/21/2012,,77,51,0,,
8/22/2012,,81,50,0,,
8/23/2012,,84,50,0,,
8/24/2012,,89,52,0,,
8/25/2012,,92,56,0,,
8/26/2012,,94,60,0,,
8/27/2012,,93,61,0.26,,
8/28/2012,,85,58,0.63,,
8/29/2012,,80,52,0,,
8/30/2012,,81,53,0,,
8/31/2012,,86,54,0,,
9/1/2012,,94,58,0,,
9/2/2012,,87,67,0.03,,
9/3/2012,,81,62,0,,
9/4/2012,,92,63,0,,
9/5/2012,,82,62,0.32,,
9/6/2012,,81,63,0.09,,
9/7/2012,,87,56,0,,
9/8/2012,,84,55,0.79,,
9/9/2012,,73,47,0,,
9/10/2012,,73,43,0,,
9/11/2012,,75,43,0,,
9/12/2012,,81,49,0,,
9/13/2012,,85,49,0,,
9/14/2012,,84,53,0.42,,
9/15/2012,,71,43,0.13,,
9/16/2012,,73,43,0,,
9/17/2012,,79,46,0,,
9/18/2012,,77,48,0.01,,
9/19/2012,,62,36,0.03,,
9/20/2012,,68,36,0,,
9/21/2012,,70,43,0.06,,
9/22/2012,,72,42,0.15,,
9/23/2012,,57,40,0.14,,
9/24/2012,,58,34,0.01,,
9/25/2012,,64,35,0,,
9/26/2012,,69,44,0,,
9/27/2012,,70,46,0,,
9/28/2012,,67,44,0,,
9/29/2012,,71,41,0,,
9/30/2012,,72,44,0,,
10/1/2012,,66,38,0,,
10/2/2012,,69,38,0.12,,
10/3/2012,,68,53,0.01,,
10/4/2012,,67,52,0,,
10/5/2012,,77,52,0.02,,
10/6/2012,,56,37,0.25,,
10/7/2012,,48,37,0,,
10/8/2012,,48,28,0.03,,
10/9/2012,,56,28,0,,
10/10/2012,,63,34,0.12,,
10/11/2012,,51,28,0.01,,
10/12/2012,,62,30,0.01,,
10/13/2012,,56,27,0,,
10/14/2012,,63,37,1.08,,
10/15/2012,,69,49,0.1,,
10/16/2012,,52,34,0,,
10/17/2012,,62,33,0.04,,
10/18/2012,,75,54,0.44,,
10/19/2012,,61,42,0.19,,
10/20/2012,,58,44,0.18,,
10/21/2012,,56,33,0,,
10/22/2012,,63,33,0,,
10/23/2012,,71,38,0.45,,
10/24/2012,,73,57,0.03,,
10/25/2012,,78,51,0,,
10/26/2012,,77,46,0.03,,
10/27/2012,,49,38,0.04,,
10/28/2012,,54,36,0,,
10/29/2012,,51,36,0,,
10/30/2012,,42,35,0.05,0.1,0
10/31/2012,,41,35,0.12,0.1,0
11/1/2012,,42,36,0.01,0,0
11/2/2012,,50,37,0,0,0
11/3/2012,,42,29,0,0,0
11/4/2012,,47,24,0,0,0
11/5/2012,,41,23,0,0,0
11/6/2012,,47,25,0,0,0
11/7/2012,,45,25,0,0,0
11/8/2012,,50,22,0,0,0
11/9/2012,,50,22,0,0,0
11/10/2012,,56,32,0.01,0,0
11/11/2012,,64,47,0,0,0
11/12/2012,,68,50,0.43,0,0
11/13/2012,,52,31,0.18,0,0
11/14/2012,,34,19,0,0,0
11/15/2012,,42,19,0,0,0
11/16/2012,,49,22,0,0,0
11/17/2012,,54,22,0,0,0
11/18/2012,,54,25,0,0,0
11/19/2012,,56,27,0,0,0
11/20/2012,,56,31,0,0,0
11/21/2012,,57,32,0.02,0,0
11/22/2012,,59,32,0,0,0
11/23/2012,,61,37,0.11,0,0
11/24/2012,,42,30,0.02,0.3,0
11/25/2012,,32,27,0.03,0.4,0
11/26/2012,,37,27,0,0.1,0
11/27/2012,,36,20,0,0,0
11/28/2012,,37,20,0,0,0
11/29/2012,,42,23,0,0,0
11/30/2012,,48,29,0,0,0
12/1/2012,,46,35,0,0,0
12/2/2012,,55,37,0.02,0,0
12/3/2012,,57,42,0.15,0,0
12/4/2012,,61,47,0.01,0,0
12/5/2012,,59,28,0.22,0,0
12/6/2012,,38,22,0,0,0
12/7/2012,,39,24,0,0,0
12/8/2012,,43,37,0.24,0,0
12/9/2012,,41,33,0.02,0,0
12/10/2012,,40,33,0.12,0,0
12/11/2012,,40,24,0,0,0
12/12/2012,,37,23,0,0,0
12/13/2012,,43,23,0,0,0
12/14/2012,,44,25,0,0,0
12/15/2012,,50,26,0,0,0
12/16/2012,,48,32,0.18,0,0
12/17/2012,,51,40,0.03,0,0
12/18/2012,,42,33,0.01,0,0
12/19/2012,,43,32,0.02,0,0
12/20/2012,,40,28,0.05,0,0
12/21/2012,,46,32,0.99,0.4,0
12/22/2012,,33,28,0.1,1,1
12/23/2012,,36,17,0,0,1
12/24/2012,,37,17,0,0,0
12/25/2012,,34,23,0.05,0.7,1
12/26/2012,,33,23,0,0,1
12/27/2012,,30,25,0.53,6,6
12/28/2012,,33,9,0,0,5
12/29/2012,,32,14,0.13,1.4,6
12/30/2012,,30,21,0.04,0.9,6
12/31/2012,,28,14,0,0,5
1/1/2013,,35,22,0,0,5
1/2/2013,,27,8,0,0,4
1/3/2013,,26,9,0,0,4
1/4/2013,,29,14,0,0,4
1/5/2013,,31,15,0,0,4
1/6/2013,,33,15,0.03,0.8,5
1/7/2013,,35,29,0.01,0,4
1/8/2013,,36,19,0,0,4
1/9/2013,,36,20,0,0,3
1/10/2013,,47,20,0,0,2
1/11/2013,,41,20,0.67,0,1
1/12/2013,,58,36,0.07,0,0
1/13/2013,,60,38,0.58,0,0
1/14/2013,,40,24,0.15,0,0
1/15/2013,,27,12,0,0,0
1/16/2013,,31,13,0,0,0
1/17/2013,,39,21,0,0,0
1/18/2013,,38,17,0,0,0
1/19/2013,,37,15,0,0,0
1/20/2013,,49,19,0,0,0
1/21/2013,,24,16,0,0.1,0
1/22/2013,,18,-4,0.08,2.3,1
1/23/2013,,12,-3,0.02,0.2,1
1/24/2013,,18,4,0.02,0.4,1
1/25/2013,,23,8,0.02,0.2,1
1/26/2013,,22,15,0.16,3.6,5
1/27/2013,,26,10,0,0.1,4
1/28/2013,,34,11,0.55,2.4,4
1/29/2013,,44,34,0.12,0,1
1/30/2013,,61,37,0.81,0,0
1/31/2013,,53,22,0.24,0.3,0
2/1/2013,,23,13,0.06,2,1
2/2/2013,,19,9,0.04,1,1
2/3/2013,,23,2,0.07,2.6,3
2/4/2013,,23,8,0.02,0.6,2
2/5/2013,,24,17,0.1,3.7,5
2/6/2013,,28,11,0.02,0.2,4
2/7/2013,,32,10,0,0,2
2/8/2013,,40,26,0.31,2.7,3
2/9/2013,,29,7,0.03,0.5,3
2/10/2013,,33,6,0,0,3
2/11/2013,,44,19,0.11,0,1
2/12/2013,,42,30,0,0.1,0
2/13/2013,,32,26,0,0,0
2/14/2013,,40,26,0,0,0
2/15/2013,,40,26,0.01,0.2,0
2/16/2013,,30,16,0,0,0
2/17/2013,,27,10,0.04,1,0
2/18/2013,,25,10,0,0,0
2/19/2013,,46,21,0.2,0,0
2/20/2013,,33,15,0.07,1.9,1
2/21/2013,,22,15,0.02,0.5,1
2/22/2013,,28,21,0.05,0.6,1
2/23/2013,,33,23,0.25,1.8,2
2/24/2013,,34,20,0.01,0.1,2
2/25/2013,,38,16,0,0,2
2/26/2013,,43,17,0,0,0
2/27/2013,,35,29,1.58,7,7
2/28/2013,,35,32,0.1,1,6
3/1/2013,,39,26,0.01,0.1,4
3/2/2013,,27,24,0.01,0.1,4
3/3/2013,,26,18,0.02,0.4,4
3/4/2013,,31,12,0,0,4
3/5/2013,,36,13,0,0,4
3/6/2013,,38,21,0,0,3
3/7/2013,,41,27,0,0,3
3/8/2013,,37,18,0,0,3
3/9/2013,,45,21,0,0,2
3/10/2013,,44,23,0.01,0,0
3/11/2013,,63,38,0.03,0,0
3/12/2013,,52,34,0.27,0,0
3/13/2013,,36,27,0.08,1,1
3/14/2013,,33,19,0.05,0.9,0
3/15/2013,,42,19,0,0,0
3/16/2013,,40,27,0.24,1.9,2
3/17/2013,,32,20,0.02,0.2,2
3/18/2013,,35,21,0,0,0
3/19/2013,,35,24,0.1,0.4,0
3/20/2013,,28,22,0.01,0.2,0
3/21/2013,,30,15,0.01,0.4,0
3/22/2013,,32,17,0.03,0.6,0
3/23/2013,,41,19,0,0,0
3/24/2013,,40,19,0,0,0
3/25/2013,,37,24,0,0.1,0
3/26/2013,,41,31,0,0,0
3/27/2013,,44,30,0.01,0.1,0
3/28/2013,,49,30,0,0,0
3/29/2013,,53,29,0,0,0
3/30/2013,,53,24,0,0,0
3/31/2013,,56,24,0,0,0
4/1/2013,,60,28,0.05,0,0
4/2/2013,,42,22,0,0,0
4/3/2013,,44,22,0,0,0
4/4/2013,,44,21,0,0,0
4/5/2013,,56,23,0,0,0
4/6/2013,,49,27,0,0,0
4/7/2013,,58,33,0,0,0
4/8/2013,,56,33,0,0,0
4/9/2013,,66,37,0.18,0,0
4/10/2013,,56,43,0.06,0,0
4/11/2013,,45,38,1.4,0,0
4/12/2013,,38,36,0.59,0,0
4/13/2013,,43,36,0.03,0,0
4/14/2013,,42,31,0.01,0.1,0
4/15/2013,,50,34,0.03,0.2,0
4/16/2013,,69,36,0.32,0,0
4/17/2013,,62,40,0,0,0
4/18/2013,,59,40,0.87,0,0
4/19/2013,,68,45,1,0,0
4/20/2013,,45,30,0.05,0.4,0
4/21/2013,,42,21,0,0,0
4/22/2013,,49,23,0,0,0
4/23/2013,,63,31,0,0,0
4/24/2013,,70,37,0.57,0,0
4/25/2013,,42,30,0.22,0.3,0
4/26/2013,,52,27,0.17,0.2,0
4/27/2013,,60,29,0,0,0
4/28/2013,,70,34,0,0,0
4/29/2013,,54,49,0.32,0,0
4/30/2013,,71,52,0,0,0
5/1/2013,,73,46,0.01,,
5/2/2013,,81,48,0,,
5/3/2013,,79,52,0,,
5/4/2013,,77,52,0,,
5/5/2013,,73,50,0,,
5/6/2013,,73,43,0,,
5/7/2013,,75,48,0,,
5/8/2013,,76,50,0,,
5/9/2013,,82,48,0.01,,
5/10/2013,,81,49,0.25,,
5/11/2013,,72,43,0,,
5/12/2013,,63,35,0.02,,
5/13/2013,,50,27,0,,
5/14/2013,,56,33,0,,
5/15/2013,,79,45,0,,
5/16/2013,,83,48,0,,
5/17/2013,,83,49,0,,
5/18/2013,,76,51,0,,
5/19/2013,,82,51,0,,
5/20/2013,,87,55,0,,
5/21/2013,,91,63,0,,
5/22/2013,,85,62,0.12,,
5/23/2013,,81,58,0.09,,
5/24/2013,,65,39,0.12,,
5/25/2013,,56,33,0,,
5/26/2013,,66,34,0,,
5/27/2013,,72,40,0,,
5/28/2013,,60,45,0.72,,
5/29/2013,,78,53,0.09,,
5/30/2013,,84,60,0,,
5/31/2013,,90,64,0.25,,
6/1/2013,,81,62,0.22,,
6/2/2013,,80,63,0,,
6/3/2013,,73,40,0,,
6/4/2013,,68,43,0,,
6/5/2013,,75,49,0,,
6/6/2013,,77,52,0,,
6/7/2013,,71,50,0,,
6/8/2013,,62,53,0,,
6/9/2013,,75,55,0,,
6/10/2013,,78,60,1.04,,
6/11/2013,,72,60,0.53,,
6/12/2013,,85,61,0,,
6/13/2013,,80,60,1.57,,
6/14/2013,,77,58,0,,
6/15/2013,,77,52,0,,
6/16/2013,,81,57,0.34,,
6/17/2013,,82,55,0,,
6/18/2013,,86,56,0.01,,
6/19/2013,,73,44,0,,
6/20/2013,,78,48,0,,
6/21/2013,,83,54,0,,
6/22/2013,,87,60,0,,
6/23/2013,,90,66,0,,
6/24/2013,,90,66,0,,
6/25/2013,,90,66,0.02,,
6/26/2013,,86,64,0.83,,
6/27/2013,,85,66,0.44,,
6/28/2013,,85,61,2.43,0,0
6/29/2013,,78,59,0.81,,
6/30/2013,,73,58,0.35,,
7/1/2013,,79,58,0,,
7/2/2013,,67,58,0.29,,
7/3/2013,,75,59,0,,
7/4/2013,,84,61,0,,
7/5/2013,,81,68,0.03,,
7/6/2013,,83,66,0,,
7/7/2013,,86,67,0.11,,
7/8/2013,,83,66,0.04,,
7/9/2013,,84,69,0.11,,
7/10/2013,,90,71,0.16,,
7/11/2013,,86,58,0.11,0,0
7/12/2013,,79,53,0,,
7/13/2013,,83,58,0,,
7/14/2013,,85,62,0,,
7/15/2013,,90,66,0,,
7/16/2013,,93,72,1.6,,
7/17/2013,,91,71,0,,
7/18/2013,,93,71,0,,
7/19/2013,,93,73,0,,
7/20/2013,,92,69,0.37,,
7/21/2013,,85,62,0,,
7/22/2013,,84,63,0.03,,
7/23/2013,,84,65,0,,
7/24/2013,,85,56,0.11,,
7/25/2013,,74,47,0,,
7/26/2013,,79,50,0,,
7/27/2013,,81,54,0.11,,
7/28/2013,,76,49,0.2,,
7/29/2013,,67,51,0,,
7/30/2013,,71,49,0,,
7/31/2013,,80,50,0,,
8/1/2013,,78,61,0.14,,
8/2/2013,,80,53,0.1,,
8/3/2013,,72,56,0,,
8/4/2013,,78,53,0,,
8/5/2013,,74,50,0,,
8/6/2013,,72,53,0.01,,
8/7/2013,,79,63,0.05,,
8/8/2013,,84,64,0.16,,
8/9/2013,,77,58,0,,
8/10/2013,,81,58,0,,
8/11/2013,,79,54,0,,
8/12/2013,,79,54,0,,
8/13/2013,,74,58,2.93,,
8/14/2013,,67,49,0,,
8/15/2013,,72,46,0,,
8/16/2013,,75,48,0,,
8/17/2013,,79,51,0,,
8/18/2013,,80,51,0,,
8/19/2013,,82,54,0,,
8/20/2013,,82,55,0,,
8/21/2013,,85,58,0,,
8/22/2013,,86,62,0,,
8/23/2013,,82,57,0,,
8/24/2013,,82,53,0,,
8/25/2013,,81,53,0,,
8/26/2013,,86,55,0,,
8/27/2013,,87,61,0.36,,
8/28/2013,,84,72,0.34,,
8/29/2013,,83,64,0.01,,
8/30/2013,,88,61,0,,
8/31/2013,,87,63,0.56,,
9/1/2013,,82,67,0.03,,
9/2/2013,,83,67,0,,
9/3/2013,,78,57,0,,
9/4/2013,,75,51,0,,
9/5/2013,,81,52,0,,
9/6/2013,,71,43,0,,
9/7/2013,,76,44,0,,
9/8/2013,,83,55,0.03,,
9/9/2013,,76,51,0,,
9/10/2013,,78,58,0.31,,
9/11/2013,,93,67,0,,
9/12/2013,,91,65,0.12,,
9/13/2013,,79,51,0,,
9/14/2013,,61,36,0,,
9/15/2013,,69,36,0,,
9/16/2013,,65,46,0.06,,
9/17/2013,,64,35,0,,
9/18/2013,,70,36,0,,
9/19/2013,,76,46,0,,
9/20/2013,,81,55,0.52,,
9/21/2013,,81,58,0.48,,
9/22/2013,,70,49,0,,
9/23/2013,,60,39,0,,
9/24/2013,,63,40,0,,
9/25/2013,,68,40,0,,
9/26/2013,,71,44,0,,
9/27/2013,,76,43,0,,
9/28/2013,,76,43,0,,
9/29/2013,,77,53,0,,
9/30/2013,,64,56,0.16,,
10/1/2013,,72,47,0,0,0
10/2/2013,,68,47,0,0,0
10/3/2013,,80,52,0,0,0
10/4/2013,,76,55,0.03,0,0
10/5/2013,,80,64,0.13,0,0
10/6/2013,,74,64,0.06,0,0
10/7/2013,,70,43,0.26,0,0
10/8/2013,,60,37,0,0,0
10/9/2013,,69,37,0,0,0
10/10/2013,,71,38,0,0,0
10/11/2013,,73,37,0,0,0
10/12/2013,,74,39,0,0,0
10/13/2013,,78,45,0,0,0
10/14/2013,,69,42,0,0,0
10/15/2013,,66,39,0,0,0
10/16/2013,,63,39,0.06,0,0
10/17/2013,,60,44,0,0,0
10/18/2013,,51,40,0.18,0,0
10/19/2013,,64,39,0.02,0,0
10/20/2013,,48,36,0.21,0,0
10/21/2013,,60,36,0,0,0
10/22/2013,,53,28,0.03,0,0
10/23/2013,,51,29,0,0,0
10/24/2013,,48,29,0,0,0
10/25/2013,,48,31,0,0,0
10/26/2013,,50,33,0,0,0
10/27/2013,,50,30,0.11,0,0
10/28/2013,,54,28,0,0,0
10/29/2013,,52,30,0,0,0
10/30/2013,,52,31,0,0,0
10/31/2013,,65,31,0.84,0,0
11/1/2013,,62,47,0.79,0,0
11/2/2013,,49,44,0.12,0,0
11/3/2013,,49,29,0.06,0,0
11/4/2013,,47,29,0,0,0
11/5/2013,,49,32,0,0,0
11/6/2013,,54,45,0,0,0
11/7/2013,,55,35,0.14,0,0
11/8/2013,,46,31,0.03,0,0
11/9/2013,,46,29,0,0,0
11/10/2013,,58,41,0,0,0
11/11/2013,,49,30,0,0,0
11/12/2013,,44,23,0.2,0.5,0
11/13/2013,,35,17,0,0,0
11/14/2013,,41,20,0,0,0
11/15/2013,,51,30,0,0,0
11/16/2013,,51,30,0,0,0
11/17/2013,,58,35,0.15,0,0
11/18/2013,,63,42,0.87,0,0
11/19/2013,,43,33,0,0,0
11/20/2013,,43,22,0,0,0
11/21/2013,,45,23,0,0,0
11/22/2013,,46,42,0.36,0,0
11/23/2013,,45,22,0.01,0,0
11/24/2013,,30,12,0.1,1.9,1
11/25/2013,,26,12,0,0,1
11/26/2013,,30,20,0.02,0.3,1
11/27/2013,,34,20,0.01,0.2,0
11/28/2013,,27,16,0,0.1,0
11/29/2013,,28,14,0.02,0.4,0
11/30/2013,,36,15,0,0,0
12/1/2013,,45,27,0,0,0
12/2/2013,,47,30,0,0,0
12/3/2013,,40,23,0.02,0.2,0
12/4/2013,,39,31,0.07,0.1,0
12/5/2013,,58,39,0.01,0,0
12/6/2013,,47,27,0,0,0
12/7/2013,,27,15,0,0,0
12/8/2013,,26,11,0,0,0
12/9/2013,,29,14,0.08,1,1
12/10/2013,,29,11,0,0,1
12/11/2013,,21,11,0,0,1
12/12/2013,,26,4,0.03,0.7,1
12/13/2013,,22,9,0,0,1
12/14/2013,,29,18,0.1,1.2,2
12/15/2013,,21,18,0.49,4.8,7
12/16/2013,,25,2,0.07,1.9,7
12/17/2013,,25,2,0.08,1.1,7
12/18/2013,,26,20,0.03,1.2,7
12/19/2013,,32,20,0,0,6
12/20/2013,,41,28,0.09,0,4
12/21/2013,,42,33,0.3,0,3
12/22/2013,,35,32,1.11,0.1,2
12/23/2013,,38,29,0.05,0.2,1
12/24/2013,,30,12,0.01,0.2,1
12/25/2013,,21,7,0,0,1
12/26/2013,,27,18,0.11,1.8,3
12/27/2013,,30,24,0.02,0.4,3
12/28/2013,,41,30,0,0,1
12/29/2013,,47,32,0,0,0
12/30/2013,,44,15,0.01,0.1,0
12/31/2013,,21,14,0.04,0.5,1
1/1/2014,,20,13,0.1,1.8,2
1/2/2014,,15,13,0.49,5.9,8
1/3/2014,,16,-5,0.17,1.6,8
1/4/2014,,16,-7,0,0,7
1/5/2014,,30,13,0.06,0.6,7
1/6/2014,,32,12,0.93,9.7,14
1/7/2014,,13,-15,0.01,0.2,14
1/8/2014,,4,-13,0,0,14
1/9/2014,,19,-10,0,0.1,13
1/10/2014,,27,-8,0.05,0.5,12
1/11/2014,,41,27,0.43,0,8
1/12/2014,,41,32,0.1,0,6
1/13/2014,,38,31,0,0,5
1/14/2014,,43,22,0,0,5
1/15/2014,,38,22,0.01,0.1,5
1/16/2014,,28,19,0,0.1,4
1/17/2014,,28,19,0.27,3,7
1/18/2014,,32,4,0,0.1,7
1/19/2014,,19,4,0.02,0.4,7
1/20/2014,,30,19,0.01,0,6
1/21/2014,,26,3,0.06,1.9,7
1/22/2014,,13,-11,0,0,7
1/23/2014,,11,-3,0.09,1.2,8
1/24/2014,,16,-4,0,0.1,7
1/25/2014,,22,-2,0.15,2,8
1/26/2014,,27,-1,0.05,0.9,8
1/27/2014,,27,7,0.3,5.6,12
1/28/2014,,11,-12,0.03,0.6,12
1/29/2014,,10,-12,0,0,11
1/30/2014,,18,-1,0,0,10
1/31/2014,,29,11,0.04,0.5,10
2/1/2014,,35,25,0.05,0.8,11
2/2/2014,,34,22,0.67,4.5,13
2/3/2014,,25,3,0,0,12
2/4/2014,,28,3,0,0,12
2/5/2014,,25,5,0.23,2.3,14
2/6/2014,,27,3,0.21,2.6,16
2/7/2014,,20,-4,0,0.1,15
2/8/2014,,16,-4,0,0,15
2/9/2014,,20,5,0.09,1.9,17
2/10/2014,,26,6,0.04,0.6,16
2/11/2014,,22,5,0,0,16
2/12/2014,,19,-10,0,0,16
2/13/2014,,21,-10,0,0,15
2/14/2014,,34,5,0.02,0.4,16
2/15/2014,,29,6,0.02,0.4,15
2/16/2014,,24,5,0.02,0.3,15
2/17/2014,,29,-2,0.02,0.9,15
2/18/2014,,23,7,0.39,4.1,19
2/19/2014,,38,22,0,0,18
2/20/2014,,47,25,0.01,0.1,14
2/21/2014,,45,29,0.93,2,15
2/22/2014,,37,28,0.01,0.2,13
2/23/2014,,38,21,0,0,13
2/24/2014,,33,18,0,0,13
2/25/2014,,26,10,0,0.1,13
2/26/2014,,25,4,0.02,0.4,13
2/27/2014,,18,4,0.02,0.4,13
2/28/2014,,12,-10,0.02,0.4,13
3/1/2014,,21,-10,0,0,13
3/2/2014,,30,9,0.39,4.3,17
3/3/2014,,21,-5,0,0,17
3/4/2014,,18,-4,0,0,16
3/5/2014,,19,6,0,0,15
3/6/2014,,26,9,0,0,15
3/7/2014,,31,8,0,0,14
3/8/2014,,46,9,0.14,0,13
3/9/2014,,33,17,0,0,13
3/10/2014,,37,16,0,0,12
3/11/2014,,51,36,0,0,9
3/12/2014,,56,28,0.43,2,8
3/13/2014,,28,0,0.39,3.5,11
3/14/2014,,25,0,0,0,11
3/15/2014,,50,25,0,0,5
3/16/2014,,40,14,0,0,5
3/17/2014,,26,7,0,0,4
3/18/2014,,33,8,0,0,4
3/19/2014,,46,19,0,0,2
3/20/2014,,47,33,0.14,0.1,1
3/21/2014,,40,18,0,0,0
3/22/2014,,43,19,0.12,0,0
3/23/2014,,41,16,0,0,0
3/24/2014,,28,12,0,0,0
3/25/2014,,32,13,0,0,0
3/26/2014,,34,10,0.01,0.3,0
3/27/2014,,33,11,0,0,0
3/28/2014,,49,31,0.05,0.1,0
3/29/2014,,50,33,0.01,0,0
3/30/2014,,38,25,0,0,0
3/31/2014,,51,25,0,0,0
4/1/2014,,59,25,0.02,0,0
4/2/2014,,60,32,0,0,0
4/3/2014,,56,32,0,0,0
4/4/2014,,37,33,0.36,0,0
4/5/2014,,48,31,0.16,0.1,0
4/6/2014,,49,21,0,0,0
4/7/2014,,55,21,0,0,0
4/8/2014,,54,35,0.49,0,0
4/9/2014,,62,35,0,0,0
4/10/2014,,58,36,0,0,0
4/11/2014,,68,33,0.01,0,0
4/12/2014,,67,33,0,0,0
4/13/2014,,72,37,0.11,0,0
4/14/2014,,76,50,0,0,0
4/15/2014,,68,24,0.41,3.9,4
4/16/2014,,35,16,0,0.1,1
4/17/2014,,43,18,0,0,0
4/18/2014,,66,32,0,0,0
4/19/2014,,65,31,0,0,0
4/20/2014,,58,31,0,0,0
4/21/2014,,73,33,0,0,0
4/22/2014,,78,41,0.03,0,0
4/23/2014,,55,36,0,0,0
4/24/2014,,56,36,0,0,0
4/25/2014,,55,41,0,0,0
4/26/2014,,55,37,0.29,0,0
4/27/2014,,57,31,0,0,0
4/28/2014,,56,34,0,0,0
4/29/2014,,52,44,0.24,0,0
4/30/2014,,75,49,0.51,0,0
5/1/2014,,69,42,0.04,,
5/2/2014,,53,43,0.02,,
5/3/2014,,55,45,0.04,,
5/4/2014,,61,44,0.02,,
5/5/2014,,57,36,0,,
5/6/2014,,54,33,0.05,,
5/7/2014,,64,36,0.18,,
5/8/2014,,65,44,0.31,,
5/9/2014,,87,51,0,,
5/10/2014,,78,50,0.07,,
5/11/2014,,72,41,0,,
5/12/2014,,79,46,0,,
5/13/2014,,75,59,0.74,,
5/14/2014,,85,53,0.4,,
5/15/2014,,62,48,0.5,,
5/16/2014,,59,35,0.28,,
5/17/2014,,56,37,0.01,,
5/18/2014,,57,34,0.01,,
5/19/2014,,68,39,0,,
5/20/2014,,71,42,0.14,,
5/21/2014,,79,54,0.27,,
5/22/2014,,83,56,0,,
5/23/2014,,71,49,0,,
5/24/2014,,70,47,0,,
5/25/2014,,77,48,0,,
5/26/2014,,82,52,0,,
5/27/2014,,86,57,0,,
5/28/2014,,85,63,0.3,,
5/29/2014,,69,50,0.11,,
5/30/2014,,77,48,0,,
5/31/2014,,82,53,0,,
6/1/2014,,82,47,0,,
6/2/2014,,86,52,0,,
6/3/2014,,84,65,0.51,,
6/4/2014,,79,52,0,,
6/5/2014,,65,48,0.23,,
6/6/2014,,74,45,0,,
6/7/2014,,80,50,0,,
6/8/2014,,82,54,0.01,,
6/9/2014,,78,54,0.19,,
6/10/2014,,81,54,0,,
6/11/2014,,77,57,0.23,,
6/12/2014,,79,64,0.4,,
6/13/2014,,78,61,0,,
6/14/2014,,69,42,0,,
6/15/2014,,76,48,0,,
6/16/2014,,80,55,0,,
6/17/2014,,87,64,0,,
6/18/2014,,88,66,0.33,,
6/19/2014,,83,65,1.06,,
6/20/2014,,77,55,0,,
6/21/2014,,68,55,0.17,,
6/22/2014,,80,59,0.01,,
6/23/2014,,82,59,0,,
6/24/2014,,80,64,0.06,,
6/25/2014,,81,64,0.39,,
6/26/2014,,78,60,0.01,,
6/27/2014,,79,56,0,,
6/28/2014,,84,58,0,,
6/29/2014,,88,65,0.19,,
6/30/2014,,86,70,0,,
7/1/2014,,86,65,0.57,,
7/2/2014,,84,65,0,,
7/3/2014,,78,61,0.02,,
7/4/2014,,73,50,0.05,,
7/5/2014,,75,49,0,,
7/6/2014,,78,53,0,,
7/7/2014,,80,59,0.13,,
7/8/2014,,85,62,0.48,,
7/9/2014,,78,59,0.33,,
7/10/2014,,76,54,0,,
7/11/2014,,78,54,0,,
7/12/2014,,82,57,0,,
7/13/2014,,86,63,0.08,,
7/14/2014,,84,62,0.34,,
7/15/2014,,82,58,0.01,,
7/16/2014,,70,52,0.01,,
7/17/2014,,70,53,0,,
7/18/2014,,76,50,0,,
7/19/2014,,78,52,0,,
7/20/2014,,75,56,0,,
7/21/2014,,82,57,0,,
7/22/2014,,86,59,0,,
7/23/2014,,89,61,0.01,,
7/24/2014,,75,54,0,,
7/25/2014,,75,51,0,,
7/26/2014,,79,53,0,,
7/27/2014,,83,59,0,,
7/28/2014,,87,59,0.64,,
7/29/2014,,69,47,0,,
7/30/2014,,74,49,0.16,,
7/31/2014,,76,50,0.05,,
8/1/2014,,81,52,0,,
8/2/2014,,83,59,0,,
8/3/2014,,78,56,0,,
8/4/2014,,84,57,0,,
8/5/2014,,86,59,0,,
8/6/2014,,80,56,0,,
8/7/2014,,80,52,0,,
8/8/2014,,83,54,0,,
8/9/2014,,81,52,0,,
8/10/2014,,82,55,0,,
8/11/2014,,87,58,0,,
8/12/2014,,70,59,1.15,,
8/13/2014,,79,55,0.37,,
8/14/2014,,76,51,0,,
8/15/2014,,70,46,0,,
8/16/2014,,75,47,0,,
8/17/2014,,82,50,0.24,,
8/18/2014,,74,60,0.22,,
8/19/2014,,80,62,0,,
8/20/2014,,83,62,0.45,,
8/21/2014,,82,62,0,,
8/22/2014,,83,62,0.1,,
8/23/2014,,84,66,0,,
8/24/2014,,82,64,0,,
8/25/2014,,81,64,0,,
8/26/2014,,88,65,0,,
8/27/2014,,89,64,0.63,,
8/28/2014,,78,56,0,,
8/29/2014,,76,55,0,,
8/30/2014,,80,57,0,,
8/31/2014,,85,65,0.24,,
9/1/2014,,85,66,0,,
9/2/2014,,85,66,0.31,,
9/3/2014,,79,55,0.03,,
9/4/2014,,84,56,0,,
9/5/2014,,87,58,0.29,,
9/6/2014,,92,63,0.35,,
9/7/2014,,73,49,0,,
9/8/2014,,77,48,0,,
9/9/2014,,78,48,0,,
9/10/2014,,80,57,0,,
9/11/2014,,73,52,1.51,,
9/12/2014,,60,50,0,,
9/13/2014,,61,49,0.19,,
9/14/2014,,59,36,0,,
9/15/2014,,66,42,0,,
9/16/2014,,61,43,0.01,,
9/17/2014,,68,37,0,,
9/18/2014,,69,38,0,,
9/19/2014,,68,38,0,,
9/20/2014,,71,39,0,,
9/21/2014,,79,49,0.84,,
9/22/2014,,67,46,0.22,,
9/23/2014,,64,40,0,,
9/24/2014,,73,40,0,,
9/25/2014,,76,43,0,,
9/26/2014,,76,43,0,,
9/27/2014,,77,44,0,,
9/28/2014,,80,46,0,,
9/29/2014,,80,49,0,,
9/30/2014,,79,50,0.1,,
10/1/2014,,59,50,0.01,,
10/2/2014,,71,48,0,,
10/3/2014,,72,51,0.42,,
10/4/2014,,67,42,0.38,,
10/5/2014,,48,40,0.06,,
10/6/2014,,55,41,0,,
10/7/2014,,61,40,0.02,,
10/8/2014,,62,40,0.03,,
10/9/2014,,62,38,0,,
10/10/2014,,61,35,0,,
10/11/2014,,58,31,0,,
10/12/2014,,60,29,0,,
10/13/2014,,62,29,0.3,,
10/14/2014,,70,56,0.13,,
10/15/2014,,68,54,0.38,,
10/16/2014,,63,52,0.03,,
10/17/2014,,64,51,0.02,,
10/18/2014,,63,44,0.09,,
10/19/2014,,49,29,0.01,,
10/20/2014,,54,28,0.07,,
10/21/2014,,59,46,0.07,,
10/22/2014,,47,42,0.01,,
10/23/2014,,56,29,0,,
10/24/2014,,61,29,0,,
10/25/2014,,62,32,0,,
10/26/2014,,69,41,0,,
10/27/2014,,63,31,0,,
10/28/2014,,76,34,0.01,,
10/29/2014,,63,41,0.25,,
10/30/2014,,51,32,0,,
10/31/2014,,50,32,0.01,,
11/1/2014,,43,32,0.18,0.1,0
11/2/2014,,40,20,0,0,0
11/3/2014,,50,20,0,0,0
11/4/2014,,62,41,0,0,0
11/5/2014,,54,37,0.09,0,0
11/6/2014,,59,37,0,0,0
11/7/2014,,48,34,0.11,0,0
11/8/2014,,45,34,0,0,0
11/9/2014,,44,29,0.07,0.1,0
11/10/2014,,42,31,0,0,0
11/11/2014,,59,35,0,0,0
11/12/2014,,61,33,0.03,0,0
11/13/2014,,34,29,0,0,0
11/14/2014,,35,21,0.03,0.5,0
11/15/2014,,35,22,0,0,0
11/16/2014,,34,21,0,0,0
11/17/2014,,34,26,0.09,0.9,1
11/18/2014,,31,11,0.02,0.3,1
11/19/2014,,22,11,0,0,0
11/20/2014,,28,17,0.11,2.1,2
11/21/2014,,29,8,0.03,0.7,2
11/22/2014,,29,8,0.04,0,1
11/23/2014,,47,27,0.16,0,0
11/24/2014,,56,44,1.25,0,0
11/25/2014,,59,30,0.02,0,0
11/26/2014,,32,28,0,0,0
11/27/2014,,33,26,0,0.1,0
11/28/2014,,35,15,0,0.1,0
11/29/2014,,30,17,0.06,0.9,1
11/30/2014,,52,30,0,0,0
12/1/2014,,59,30,0,0,0
12/2/2014,,30,18,0,0,0
12/3/2014,,34,26,0,0.1,0
12/4/2014,,39,21,0,0,0
12/5/2014,,33,24,0,0,0
12/6/2014,,37,33,0.01,0,0
12/7/2014,,41,21,0,0,0
12/8/2014,,36,21,0,0,0
12/9/2014,,41,31,0.16,0,0
12/10/2014,,39,28,0,0,0
12/11/2014,,29,21,0,0,0
12/12/2014,,40,22,0,0,0
12/13/2014,,38,31,0,0,0
12/14/2014,,46,34,0,0,0
12/15/2014,,54,43,0,0,0
12/16/2014,,52,40,0.18,0,0
12/17/2014,,45,32,0.21,0.1,0
12/18/2014,,32,27,0,0,0
12/19/2014,,32,26,0.09,0.4,0
12/20/2014,,28,24,0,0,0
12/21/2014,,30,22,0,0,0
12/22/2014,,34,22,0,0,0
12/23/2014,,39,22,0.06,0,0
12/24/2014,,53,38,0.36,0,0
12/25/2014,,46,35,0.61,0,0
12/26/2014,,38,31,0.02,0,0
12/27/2014,,47,31,0.01,0,0
12/28/2014,,47,34,0.06,0,0
12/29/2014,,36,21,0.01,0.1,0
12/30/2014,,32,15,0,0,0
12/31/2014,,25,11,0.01,0.2,0
1/1/2015,,23,16,0,0,0
1/2/2015,,31,17,0,0,0
1/3/2015,,35,22,0.02,0.1,0
1/4/2015,,33,30,0.6,0.1,0
1/5/2015,,34,7,0.12,1.5,1
1/6/2015,,14,4,0.12,1.2,2
1/7/2015,,18,3,0.06,1.5,3
1/8/2015,,11,0,0.01,0.2,3
1/9/2015,,17,-3,0.17,2.6,4
1/10/2015,,18,-2,0.05,1,4
1/11/2015,,21,-1,0,0,4
1/12/2015,,31,21,0.2,1.9,6
1/13/2015,,29,-3,0.02,0.2,6
1/14/2015,,18,-4,0.01,0.2,6
1/15/2015,,23,3,0,0.1,6
1/16/2015,,30,6,0,0,5
1/17/2015,,29,14,0,0,5
1/18/2015,,42,20,0,0,3
1/19/2015,,40,32,0.04,0.2,2
1/20/2015,,36,28,0,0,2
1/21/2015,,34,23,0.1,1.7,3
1/22/2015,,26,22,0.13,1.7,4
1/23/2015,,29,23,0,0.1,4
1/24/2015,,34,24,0,0,4
1/25/2015,,37,26,0.02,0.2,3
1/26/2015,,28,8,0,0,3
1/27/2015,,28,7,0,0,3
1/28/2015,,28,7,0,0,3
1/29/2015,,31,8,0.03,0.1,2
1/30/2015,,34,16,0.05,0.7,3
1/31/2015,,22,7,0.01,0.2,3
2/1/2015,,36,13,0.18,1.6,4
2/2/2015,,25,10,1.08,11.9,15
2/3/2015,,19,1,0,0,14
2/4/2015,,29,3,0.07,1,13
2/5/2015,,30,-4,0.13,1.7,15
2/6/2015,,20,-4,0,0,14
2/7/2015,,32,15,0,0,13
2/8/2015,,42,24,0,0,11
2/9/2015,,42,19,0.04,0.2,10
2/10/2015,,27,9,0,0,10
2/11/2015,,32,10,0,0.1,10
2/12/2015,,32,13,0.04,0.4,10
2/13/2015,,13,-7,0,0,10
2/14/2015,,24,-6,0.05,1.7,12
2/15/2015,,22,-10,0.11,2.2,11
2/16/2015,,7,-15,0,0,11
2/17/2015,,10,-13,0,0,11
2/18/2015,,22,2,0.06,1.4,12
2/19/2015,,18,-6,0.02,0.4,11
2/20/2015,,8,-18,0,0,11
2/21/2015,,15,-17,0.01,0.1,11
2/22/2015,,31,12,0.02,0.3,11
2/23/2015,,30,-9,0.01,0.2,11
2/24/2015,,14,-9,0,0,11
2/25/2015,,21,3,0.01,0.2,11
2/26/2015,,25,6,0.01,0.1,11
2/27/2015,,17,-10,0.03,0.3,11
2/28/2015,,23,-9,0,0,11
3/1/2015,,23,-8,0.04,0.4,11
3/2/2015,,27,15,0.04,0.5,12
3/3/2015,,34,19,0,0.1,11
3/4/2015,,36,22,0.32,1.8,12
3/5/2015,,35,6,0,0,12
3/6/2015,,20,-3,0,0,12
3/7/2015,,23,-2,0,0,12
3/8/2015,,45,16,0,0,11
3/9/2015,,46,23,0,0,10
3/10/2015,,49,23,0,0,8
3/11/2015,,48,32,0,0,6
3/12/2015,,54,24,0,0,5
3/13/2015,,46,23,0,0,3
3/14/2015,,52,27,0,0,0
3/15/2015,,49,33,0,0,0
3/16/2015,,55,31,0,0,0
3/17/2015,,64,38,0,0,0
3/18/2015,,44,22,0,0,0
3/19/2015,,50,23,0,0,0
3/20/2015,,42,24,0,0,0
3/21/2015,,52,31,0,0,0
3/22/2015,,51,22,0,0,0
3/23/2015,,38,19,0,0,0
3/24/2015,,32,15,0,0,0
3/25/2015,,44,16,0.06,0,0
3/26/2015,,52,33,0.17,0,0
3/27/2015,,43,21,0.01,0,0
3/28/2015,,27,13,0.01,0.2,0
3/29/2015,,37,15,0,0,0
3/30/2015,,44,16,0,0,0
3/31/2015,,57,34,0.28,0,0
4/1/2015,,48,28,0.01,0,0
4/2/2015,,65,28,0,0,0
4/3/2015,,59,39,0.21,0,0
4/4/2015,,56,24,0.05,0,0
4/5/2015,,53,25,0.02,0,0
4/6/2015,,62,28,0,0,0
4/7/2015,,61,30,0.03,0,0
4/8/2015,,50,37,0.1,0,0
4/9/2015,,46,37,0.24,0,0
4/10/2015,,65,39,0.93,0,0
4/11/2015,,58,33,0.14,0,0
4/12/2015,,62,31,0,0,0
4/13/2015,,66,32,0,0,0
4/14/2015,,68,36,0.03,0,0
4/15/2015,,65,33,0,0,0
4/16/2015,,65,40,0,0,0
4/17/2015,,61,44,0.03,0,0
4/18/2015,,77,45,0,0,0
4/19/2015,,76,43,0,0,0
4/20/2015,,64,44,0.62,0,0
4/21/2015,,63,40,0.02,0,0
4/22/2015,,51,34,0.05,0,0
4/23/2015,,41,33,0.02,0.3,0
4/24/2015,,41,23,0,0,0
4/25/2015,,58,27,0.07,0,0
4/26/2015,,54,32,0,0,0
4/27/2015,,58,34,0,0,0
4/28/2015,,51,29,0,0,0
4/29/2015,,65,32,0,0,0
4/30/2015,,66,37,0.43,0,0
5/1/2015,,58,45,0.03,,
5/2/2015,,73,45,0,,
5/3/2015,,75,44,0,,
5/4/2015,,79,45,0,,
5/5/2015,,78,54,0.08,,
5/6/2015,,56,48,1.4,,
5/7/2015,,74,48,0,,
5/8/2015,,85,51,0,,
5/9/2015,,87,55,0.11,,
5/10/2015,,81,59,0.02,,
5/11/2015,,81,60,0.99,,
5/12/2015,,78,51,0.12,,
5/13/2015,,54,43,0.01,,
5/14/2015,,57,34,0,,
5/15/2015,,64,37,0.05,,
5/16/2015,,76,52,0.1,,
5/17/2015,,78,62,0.05,,
5/18/2015,,83,65,0.07,,
5/19/2015,,83,48,0,,
5/20/2015,,54,38,0,,
5/21/2015,,62,40,0.02,,
5/22/2015,,65,47,0.01,,
5/23/2015,,66,34,0,,
5/24/2015,,77,40,0,,
5/25/2015,,78,54,0,,
5/26/2015,,82,61,0.04,,
5/27/2015,,84,62,0.18,,
5/28/2015,,78,52,0.01,,
5/29/2015,,79,56,0,,
5/30/2015,,84,60,0,,
5/31/2015,,80,48,1.96,,
6/1/2015,,52,45,0.5,,
6/2/2015,,65,40,0,,
6/3/2015,,72,44,0,,
6/4/2015,,75,49,0,,
6/5/2015,,80,57,0,,
6/6/2015,,80,52,0,,
6/7/2015,,75,45,0,,
6/8/2015,,79,51,0.31,,
6/9/2015,,79,58,0.09,,
6/10/2015,,78,59,0.06,,
6/11/2015,,88,60,0.03,,
6/12/2015,,75,60,0,,
6/13/2015,,79,57,0.45,,
6/14/2015,,71,58,0.26,,
6/15/2015,,82,65,1.14,,
6/16/2015,,85,67,0.55,,
6/17/2015,,81,57,0,,
6/18/2015,,75,59,0.06,,
6/19/2015,,82,58,0.11,,
6/20/2015,,75,53,0,,
6/21/2015,,77,58,0.07,,
6/22/2015,,83,60,0.01,,
6/23/2015,,84,62,1.41,,
6/24/2015,,78,53,0,,
6/25/2015,,80,56,0,,
6/26/2015,,71,57,0,,
6/27/2015,,76,55,0.63,,
6/28/2015,,61,55,0.63,,
6/29/2015,,76,56,0,,
6/30/2015,,76,58,0,,
7/1/2015,,76,61,0.09,0,0
7/2/2015,,71,52,0.02,0,0
7/3/2015,,75,48,0,0,0
7/4/2015,,77,50,0,0,0
7/5/2015,,81,54,0,0,0
7/6/2015,,83,54,0,0,0
7/7/2015,,84,57,0,0,0
7/8/2015,,74,54,0.29,0,0
7/9/2015,,66,56,0.53,0,0
7/10/2015,,73,54,0.03,0,0
7/11/2015,,81,54,0,0,0
7/12/2015,,83,59,0,0,0
7/13/2015,,81,56,0.02,0,0
7/14/2015,,81,61,0.13,0,0
7/15/2015,,79,55,0.17,0,0
7/16/2015,,77,49,0,0,0
7/17/2015,,78,53,0.42,0,0
7/18/2015,,87,66,0.05,0,0
7/19/2015,,89,67,0.13,0,0
7/20/2015,,89,57,0,0,0
7/21/2015,,84,61,0,0,0
7/22/2015,,80,55,0,0,0
7/23/2015,,78,55,0,0,0
7/24/2015,,84,57,0,0,0
7/25/2015,,87,62,0,0,0
7/26/2015,,87,64,0,0,0
7/27/2015,,87,59,0,0,0
7/28/2015,,91,61,0,0,0
7/29/2015,,92,62,0,0,0
7/30/2015,,91,61,0.32,0,0
7/31/2015,,84,64,0,0,0
8/1/2015,,86,60,0,0,0
8/2/2015,,83,57,0,0,0
8/3/2015,,90,61,1.28,0,0
8/4/2015,,81,54,0,0,0
8/5/2015,,81,53,0,0,0
8/6/2015,,78,55,0,0,0
8/7/2015,,79,53,0,0,0
8/8/2015,,81,55,0,0,0
8/9/2015,,76,64,0.01,0,0
8/10/2015,,81,65,0.03,0,0
8/11/2015,,77,62,1.42,0,0
8/12/2015,,80,57,0,0,0
8/13/2015,,76,56,0,0,0
8/14/2015,,84,61,0,0,0
8/15/2015,,86,62,0.04,0,0
8/16/2015,,86,62,0,0,0
8/17/2015,,88,63,0,0,0
8/18/2015,,86,65,0,0,0
8/19/2015,,85,65,0.04,0,0
8/20/2015,,85,60,0.55,0,0
8/21/2015,,74,52,0,0,0
8/22/2015,,79,53,0,0,0
8/23/2015,,82,52,0,0,0
8/24/2015,,82,52,0.25,0,0
8/25/2015,,75,53,0,0,0
8/26/2015,,66,53,0.01,0,0
8/27/2015,,66,48,0,0,0
8/28/2015,,69,46,0,0,0
8/29/2015,,77,47,0,0,0
8/30/2015,,77,60,0,0,0
8/31/2015,,84,61,0.03,0,0
9/1/2015,,85,61,0,0,0
9/2/2015,,90,61,0,0,0
9/3/2015,,90,66,0,0,0
9/4/2015,,89,65,0.84,0,0
9/5/2015,,84,65,0,0,0
9/6/2015,,80,62,0,0,0
9/7/2015,,90,62,0,0,0
9/8/2015,,91,65,0,0,0
9/9/2015,,89,67,0.04,0,0
9/10/2015,,77,48,0,0,0
9/11/2015,,80,49,0,0,0
9/12/2015,,65,49,0.13,0,0
9/13/2015,,58,42,0.01,0,0
9/14/2015,,68,42,0,0,0
9/15/2015,,77,42,0,0,0
9/16/2015,,83,49,0,0,0
9/17/2015,,84,49,0,0,0
9/18/2015,,84,51,0,0,0
9/19/2015,,81,64,0.87,0,0
9/20/2015,,71,43,0.08,0,0
9/21/2015,,71,44,0,0,0
9/22/2015,,73,43,0,0,0
9/23/2015,,78,43,0,0,0
9/24/2015,,79,46,0,0,0
9/25/2015,,80,48,0,0,0
9/26/2015,,79,59,0,0,0
9/27/2015,,77,53,0,0,0
9/28/2015,,78,53,0,0,0
9/29/2015,,80,61,0,0,0
9/30/2015,,73,48,0.04,0,0
10/1/2015,,65,45,0,0,0
10/2/2015,,61,45,0,0,0
10/3/2015,,58,45,0,0,0
10/4/2015,,50,45,0.1,0,0
10/5/2015,,60,49,0,0,0
10/6/2015,,73,52,0,0,0
10/7/2015,,69,50,0,0,0
10/8/2015,,74,43,0,0,0
10/9/2015,,76,47,0.03,0,0
10/10/2015,,61,37,0,0,0
10/11/2015,,66,37,0,0,0
10/12/2015,,76,44,0,0,0
10/13/2015,,76,50,0,0,0
10/14/2015,,58,49,0,0,0
10/15/2015,,59,36,0.02,0,0
10/16/2015,,62,37,0.02,0,0
10/17/2015,,54,27,0,0,0
10/18/2015,,47,27,0,0,0
10/19/2015,,52,29,0,0,0
10/20/2015,,67,31,0,0,0
10/21/2015,,75,53,0.02,0,0
10/22/2015,,74,52,0.01,0,0
10/23/2015,,66,41,0,0,0
10/24/2015,,63,40,0.33,0,0
10/25/2015,,69,45,0.17,0,0
10/26/2015,,62,33,0,0,0
10/27/2015,,61,33,0,0,0
10/28/2015,,58,42,0.9,0,0
10/29/2015,,62,37,0.34,0,0
10/30/2015,,44,37,0.02,0,0
10/31/2015,,51,36,0,0,0
11/1/2015,,52,40,0.12,0,0
11/2/2015,,65,34,0,0,0
11/3/2015,,71,35,0,0,0
11/4/2015,,77,40,0,0,0
11/5/2015,,78,41,0,0,0
11/6/2015,,73,56,0.23,0,0
11/7/2015,,60,42,0,0,0
11/8/2015,,53,27,0,0,0
11/9/2015,,52,25,0,0,0
11/10/2015,,57,25,0.3,0,0
11/11/2015,,47,30,0.05,0,0
11/12/2015,,57,30,0.09,0,0
11/13/2015,,53,38,0.15,0,0
11/14/2015,,43,31,0.03,0,0
11/15/2015,,52,31,0,0,0
11/16/2015,,67,31,0,0,0
11/17/2015,,63,31,0,0,0
11/18/2015,,62,39,0,0,0
11/19/2015,,64,47,0.24,0,0
11/20/2015,,52,29,0,0,0
11/21/2015,,47,29,0.03,0.4,0
11/22/2015,,32,23,0.77,9.2,8
11/23/2015,,33,15,0,0,6
11/24/2015,,32,19,0,0.1,5
11/25/2015,,43,20,0,0,2
11/26/2015,,55,24,0.04,0,0
11/27/2015,,61,47,0.16,0,0
11/28/2015,,54,33,0.45,0,0
11/29/2015,,37,19,0,0,0
11/30/2015,,40,19,0,0,0
12/1/2015,,48,29,0.02,0,0
12/2/2015,,48,24,0.04,0,0
12/3/2015,,42,24,0.11,0.2,0
12/4/2015,,45,33,0,0,0
12/5/2015,,47,25,0,0,0
12/6/2015,,35,27,0,0,0
12/7/2015,,35,25,0,0,0
12/8/2015,,50,26,0.01,0,0
12/9/2015,,44,33,0,0,0
12/10/2015,,50,31,0,0,0
12/11/2015,,54,38,0,0,0
12/12/2015,,56,42,0,0,0
12/13/2015,,62,48,0.01,0,0
12/14/2015,,62,55,0.01,0,0
12/15/2015,,59,43,0.21,0,0
12/16/2015,,45,40,0,0,0
12/17/2015,,51,34,0.02,0,0
12/18/2015,,36,29,0,0,0
12/19/2015,,32,24,0.04,0.7,1
12/20/2015,,30,19,0.01,0.1,0
12/21/2015,,43,21,0.21,0,0
12/22/2015,,50,38,0.31,0,0
12/23/2015,,51,33,0,0,0
12/24/2015,,61,41,0.72,0,0
12/25/2015,,46,38,0,0,0
12/26/2015,,47,28,0,0,0
12/27/2015,,43,33,0.34,0,0
12/28/2015,,38,29,0.01,0,0
12/29/2015,,40,28,1.01,0.8,1
12/30/2015,,41,32,0,0,0
12/31/2015,,32,30,0,0,0
1/1/2016,,31,26,0,0.1,0
1/2/2016,,28,24,0.01,0.2,0
1/3/2016,,37,28,0,0,0
1/4/2016,,32,23,0,0.1,0
1/5/2016,,26,7,0.02,0.6,0
1/6/2016,,30,8,0,0,0
1/7/2016,,38,13,0,0,0
1/8/2016,,46,25,0,0,0
1/9/2016,,43,28,0.31,0,0
1/10/2016,,49,30,0.23,0.3,0
1/11/2016,,30,10,0.29,3.1,3
1/12/2016,,25,9,0.17,2.3,5
1/13/2016,,22,11,0.07,0.8,5
1/14/2016,,22,11,0.08,1.1,5
1/15/2016,,37,20,0,0,4
1/16/2016,,42,30,0.24,0,1
1/17/2016,,32,19,0,0,1
1/18/2016,,19,7,0.02,0.6,1
1/19/2016,,15,6,0.02,0.2,1
1/20/2016,,23,8,0,0,1
1/21/2016,,21,9,0.02,0.4,1
1/22/2016,,26,15,0.01,0.3,1
1/23/2016,,30,17,0,0,1
1/24/2016,,32,16,0,0,1
1/25/2016,,36,18,0,0,0
1/26/2016,,44,26,0.04,0,0
1/27/2016,,37,28,0.02,0.3,0
1/28/2016,,31,26,0,0,0
1/29/2016,,38,23,0.06,0.8,0
1/30/2016,,32,21,0,0,0
1/31/2016,,52,30,0.01,0,0
2/1/2016,,51,30,0.17,0,0
2/2/2016,,47,22,0,0,0
2/3/2016,,53,25,0.35,0,0
2/4/2016,,52,31,0.03,0.3,0
2/5/2016,,33,17,0.02,0.4,0
2/6/2016,,40,19,0,0.1,0
2/7/2016,,39,22,0,0,0
2/8/2016,,47,29,0,0,0
2/9/2016,,43,29,0.09,1,1
2/10/2016,,31,18,0.06,1.1,1
2/11/2016,,24,8,0.02,0.3,1
2/12/2016,,23,8,0,0,1
2/13/2016,,25,2,0.05,0.9,2
2/14/2016,,17,-4,0,0.1,2
2/15/2016,,19,-4,0.04,0.4,2
2/16/2016,,28,19,0.01,0.1,2
2/17/2016,,30,26,0.05,0.7,2
2/18/2016,,35,6,0.01,0.1,1
2/19/2016,,35,7,0,0,1
2/20/2016,,61,34,0,0,0
2/21/2016,,62,28,0,0,0
2/22/2016,,43,26,0,0,0
2/23/2016,,41,20,0,0,0
2/24/2016,,44,21,0.02,0.2,0
2/25/2016,,33,30,1.15,7.1,7
2/26/2016,,35,23,0.12,1.8,7
2/27/2016,,35,23,0,0,7
2/28/2016,,44,26,0,0,4
2/29/2016,,63,31,0.2,0,0
3/1/2016,,49,22,0.04,0.5,1
3/2/2016,,31,16,0.33,2.9,3
3/3/2016,,31,12,0,0,2
3/4/2016,,30,19,0.15,2.4,5
3/5/2016,,39,23,0.12,1.6,4
3/6/2016,,35,20,0.08,0.8,4
3/7/2016,,38,25,0,0,3
3/8/2016,,61,38,0,0,0
3/9/2016,,70,49,0,0,0
3/10/2016,,70,53,0.03,0,0
3/11/2016,,56,35,0.02,0,0
3/12/2016,,56,26,0,0,0
3/13/2016,,60,28,0.01,0,0
3/14/2016,,47,42,0.7,0,0
3/15/2016,,62,44,0,0,0
3/16/2016,,59,43,0.07,0,0
3/17/2016,,59,40,0.02,0,0
3/18/2016,,55,26,0,0,0
3/19/2016,,50,26,0,0,0
3/20/2016,,43,25,0,0,0
3/21/2016,,45,25,0,0,0
3/22/2016,,46,27,0,0,0
3/23/2016,,62,34,0,0,0
3/24/2016,,47,37,0.22,0,0
3/25/2016,,57,28,0.89,0,0
3/26/2016,,47,24,0,0,0
3/27/2016,,50,26,0,0,0
3/28/2016,,69,30,0.77,0,0
3/29/2016,,47,31,0.01,0,0
3/30/2016,,54,27,0,0,0
3/31/2016,,61,28,0.25,0,0
4/1/2016,,63,41,1.07,0,0
4/2/2016,,53,32,0.04,0,0
4/3/2016,,39,19,0.14,1.4,1
4/4/2016,,49,19,0.06,0,0
4/5/2016,,36,14,0,0,0
4/6/2016,,42,15,0.02,0.1,0
4/7/2016,,53,36,0.2,0.1,0
4/8/2016,,40,26,0.09,0.3,0
4/9/2016,,41,25,0.05,0.6,0
4/10/2016,,34,22,0.02,0.4,0
4/11/2016,,48,28,0.53,0.3,0
4/12/2016,,59,30,0,0,0
4/13/2016,,49,28,0,0,0
4/14/2016,,52,28,0,0,0
4/15/2016,,60,28,0,0,0
4/16/2016,,70,33,0,0,0
4/17/2016,,75,37,0,0,0
4/18/2016,,80,38,0,0,0
4/19/2016,,83,42,0,0,0
4/20/2016,,62,43,0,0,0
4/21/2016,,67,44,0.02,0,0
4/22/2016,,62,48,0.42,0,0
4/23/2016,,61,35,0.01,0,0
4/24/2016,,61,31,0,0,0
4/25/2016,,68,33,0,0,0
4/26/2016,,77,45,0.39,0,0
4/27/2016,,56,38,0,0,0
4/28/2016,,62,38,0.01,0,0
4/29/2016,,50,39,0.1,0,0
4/30/2016,,53,37,0,0,0
5/1/2016,,57,42,0.67,0,0
5/2/2016,,54,45,0.25,0,0
5/3/2016,,53,39,0.01,0,0
5/4/2016,,66,42,0.01,0,0
5/5/2016,,59,43,0.36,0,0
5/6/2016,,66,38,0,0,0
5/7/2016,,74,42,0,0,0
5/8/2016,,75,40,0,0,0
5/9/2016,,69,37,0,0,0
5/10/2016,,64,40,0.02,0,0
5/11/2016,,55,48,0.22,0,0
5/12/2016,,66,50,0,0,0
5/13/2016,,79,50,0.54,0,0
5/14/2016,,69,44,0.31,0,0
5/15/2016,,51,35,0.04,0.1,0
5/16/2016,,50,34,0,0,0
5/17/2016,,68,39,0.03,0,0
5/18/2016,,66,40,0,0,0
5/19/2016,,67,38,0,0,0
5/20/2016,,73,40,0,0,0
5/21/2016,,73,43,0.02,0,0
5/22/2016,,73,46,0,0,0
5/23/2016,,72,36,0,0,0
5/24/2016,,79,41,0,0,0
5/25/2016,,85,48,0,0,0
5/26/2016,,85,59,0.02,0,0
5/27/2016,,86,61,0.01,0,0
5/28/2016,,86,60,0,0,0
5/29/2016,,88,63,0,0,0
5/30/2016,,88,58,0.03,0,0
5/31/2016,,85,53,0,0,0
6/1/2016,,84,52,0,0,0
6/2/2016,,85,56,0.37,0,0
6/3/2016,,82,50,0,0,0
6/4/2016,,82,55,0,0,0
6/5/2016,,81,57,1.35,0,0
6/6/2016,,75,56,0.06,0,0
6/7/2016,,83,52,0.01,0,0
6/8/2016,,67,46,0,0,0
6/9/2016,,70,43,0,0,0
6/10/2016,,77,48,0,0,0
6/11/2016,,85,60,0,0,0
6/12/2016,,93,60,0,0,0
6/13/2016,,79,45,0,0,0
6/14/2016,,75,51,0,0,0
6/15/2016,,78,58,0,0,0
6/16/2016,,86,62,0.68,0,0
6/17/2016,,78,55,0.19,0,0
6/18/2016,,87,51,0,0,0
6/19/2016,,88,55,0,0,0
6/20/2016,,89,60,0,0,0
6/21/2016,,90,55,0,0,0
6/22/2016,,82,56,0,0,0
6/23/2016,,84,62,0.01,0,0
6/24/2016,,78,53,0.07,0,0
6/25/2016,,84,52,0,0,0
6/26/2016,,88,56,0,0,0
6/27/2016,,89,65,0.01,0,0
6/28/2016,,91,63,0,0,0
6/29/2016,,72,46,0,0,0
6/30/2016,,80,50,0,0,0
7/1/2016,,83,55,0.19,0,0
7/2/2016,,75,47,0,0,0
7/3/2016,,79,50,0,0,0
7/4/2016,,81,50,0,0,0
7/5/2016,,82,56,0,0,0
7/6/2016,,87,62,0,0,0
7/7/2016,,88,66,0,0,0
7/8/2016,,90,65,0.28,0,0
7/9/2016,,89,64,0.04,0,0
7/10/2016,,78,57,0,0,0
7/11/2016,,85,60,0,0,0
7/12/2016,,89,63,0,0,0
7/13/2016,,92,66,0.49,0,0
7/14/2016,,90,67,0.05,0,0
7/15/2016,,87,62,0,0,0
7/16/2016,,80,62,0,0,0
7/17/2016,,78,56,0,0,0
7/18/2016,,85,58,0.11,0,0
7/19/2016,,85,57,0,0,0
7/20/2016,,86,55,0,0,0
7/21/2016,,89,57,0,0,0
7/22/2016,,91,64,0.44,0,0
7/23/2016,,92,68,0,0,0
7/24/2016,,94,71,0,0,0
7/25/2016,,87,73,0.17,0,0
7/26/2016,,89,61,0,0,0
7/27/2016,,88,61,0,0,0
7/28/2016,,92,63,0,0,0
7/29/2016,,89,63,0,0,0
7/30/2016,,86,65,0.4,0,0
7/31/2016,,78,63,2.19,0,0
8/1/2016,,83,62,0,0,0
8/2/2016,,85,63,0,0,0
8/3/2016,,88,61,0,0,0
8/4/2016,,91,61,0,0,0
8/5/2016,,92,62,0,0,0
8/6/2016,,90,60,0,0,0
8/7/2016,,84,61,0,0,0
8/8/2016,,83,55,0,0,0
8/9/2016,,87,56,0,0,0
8/10/2016,,89,61,0,0,0
8/11/2016,,93,67,0,0,0
8/12/2016,,92,74,0,0,0
8/13/2016,,93,73,0.26,0,0
8/14/2016,,84,67,0.68,0,0
8/15/2016,,83,63,0.56,0,0
8/16/2016,,80,64,1.97,0,0
8/17/2016,,80,62,0.03,0,0
8/18/2016,,87,62,0.01,0,0
8/19/2016,,86,63,0,0,0
8/20/2016,,86,65,0,0,0
8/21/2016,,86,60,0.08,0,0
8/22/2016,,78,53,0.08,0,0
8/23/2016,,77,52,0,0,0
8/24/2016,,82,52,0,0,0
8/25/2016,,84,59,0.17,0,0
8/26/2016,,88,58,0,0,0
8/27/2016,,85,59,0,0,0
8/28/2016,,84,66,0.57,0,0
8/29/2016,,86,63,0,0,0
8/30/2016,,86,62,0,0,0
8/31/2016,,83,63,0.03,0,0
9/1/2016,,81,55,0,0,0
9/2/2016,,74,52,0,0,0
9/3/2016,,76,50,0,0,0
9/4/2016,,80,50,0,0,0
9/5/2016,,83,50,0,0,0
9/6/2016,,88,52,0,0,0
9/7/2016,,91,66,0,0,0
9/8/2016,,92,71,0.33,0,0
9/9/2016,,80,66,0.04,0,0
9/10/2016,,83,66,0.89,0,0
9/11/2016,,77,52,0.09,0,0
9/12/2016,,74,47,0,0,0
9/13/2016,,79,48,0,0,0
9/14/2016,,83,50,0.02,0,0
9/15/2016,,75,49,0,0,0
9/16/2016,,76,48,0,0,0
9/17/2016,,81,48,0.03,0,0
9/18/2016,,77,60,0.2,0,0
9/19/2016,,81,52,0,0,0
9/20/2016,,85,53,0,0,0
9/21/2016,,82,52,0,0,0
9/22/2016,,84,53,0,0,0
9/23/2016,,87,59,0,0,0
9/24/2016,,80,53,0,0,0
9/25/2016,,72,46,0,0,0
9/26/2016,,75,47,0.14,0,0
9/27/2016,,69,45,0.12,0,0
9/28/2016,,70,45,0,0,0
9/29/2016,,63,51,1.84,0,0
9/30/2016,,62,58,0.94,0,0
10/1/2016,,61,56,0.48,0,0
10/2/2016,,70,49,0.21,0,0
10/3/2016,,68,49,0,0,0
10/4/2016,,63,46,0,0,0
10/5/2016,,75,52,0,0,0
10/6/2016,,80,52,0.01,0,0
10/7/2016,,83,54,0,0,0
10/8/2016,,82,41,0.09,0,0
10/9/2016,,61,35,0,0,0
10/10/2016,,61,33,0,0,0
10/11/2016,,65,33,0,0,0
10/12/2016,,70,43,0,0,0
10/13/2016,,77,46,0.26,0,0
10/14/2016,,58,32,0,0,0
10/15/2016,,64,32,0,0,0
10/16/2016,,72,37,0,0,0
10/17/2016,,66,59,0.19,0,0
10/18/2016,,81,61,0,0,0
10/19/2016,,76,45,0,0,0
10/20/2016,,73,45,0.41,0,0
10/21/2016,,56,43,0.79,0,0
10/22/2016,,53,36,0,0,0
10/23/2016,,53,39,0,0,0
10/24/2016,,67,43,0,0,0
10/25/2016,,55,30,0,0,0
10/26/2016,,54,30,0,0,0
10/27/2016,,46,37,0.75,0,0
10/28/2016,,47,30,0.01,0,0
10/29/2016,,57,30,0,0,0
10/30/2016,,71,52,0.45,0,0
10/31/2016,,52,31,0.14,0,0
11/1/2016,,56,31,0,0,0
11/2/2016,,77,46,0,0,0
11/3/2016,,69,52,0.63,0,0
11/4/2016,,58,39,0,0,0
11/5/2016,,57,36,0,0,0
11/6/2016,,67,37,0,0,0
11/7/2016,,69,37,0,0,0
11/8/2016,,68,38,0,0,0
11/9/2016,,60,42,0.14,0,0
11/10/2016,,53,35,0,0,0
11/11/2016,,64,40,0,0,0
11/12/2016,,49,22,0,0,0
11/13/2016,,51,22,0,0,0
11/14/2016,,60,28,0,0,0
11/15/2016,,60,31,0,0,0
11/16/2016,,60,31,0,0,0
11/17/2016,,59,33,0,0,0
11/18/2016,,65,35,0,0,0
11/19/2016,,72,39,0.05,0,0
11/20/2016,,40,31,0.09,1.2,1
11/21/2016,,34,23,0,0,0
11/22/2016,,38,18,0,0,0
11/23/2016,,42,18,0,0,0
11/24/2016,,39,31,0.41,0,0
11/25/2016,,44,37,0.01,0,0
11/26/2016,,43,36,0.02,0,0
11/27/2016,,43,25,0,0,0
11/28/2016,,47,25,0,0,0
11/29/2016,,51,37,0.77,0,0
11/30/2016,,58,32,0,0,0
12/1/2016,,57,33,0,0,0
12/2/2016,,40,35,0.02,0,0
12/3/2016,,42,27,0.01,0,0
12/4/2016,,37,32,0,0,0
12/5/2016,,39,32,0.21,1.5,1
12/6/2016,,41,24,0,0,0
12/7/2016,,40,30,0.2,0,0
12/8/2016,,39,27,0,0,0
12/9/2016,,27,24,0.05,0.8,1
12/10/2016,,31,21,0.05,1.5,1
12/11/2016,,30,21,0.11,2.7,3
12/12/2016,,34,23,0.86,8.5,9
12/13/2016,,34,11,0,0,8
12/14/2016,,30,8,0,0,7
12/15/2016,,22,5,0.08,1.8,8
12/16/2016,,18,3,0,0.1,7
12/17/2016,,21,6,0.3,2.9,9
12/18/2016,,27,18,0.03,0.2,8
12/19/2016,,25,-1,0,0,8
12/20/2016,,17,-2,0,0,7
12/21/2016,,31,8,0,0,7
12/22/2016,,35,17,0,0,7
12/23/2016,,42,21,0,0,6
12/24/2016,,36,21,0.11,0.5,5
12/25/2016,,40,33,0,0,4
12/26/2016,,36,33,0.06,0,3
12/27/2016,,53,30,0.29,0,0
12/28/2016,,31,28,0,0,0
12/29/2016,,37,27,0.02,0.1,0
12/30/2016,,43,26,0.02,0.3,0
12/31/2016,,35,26,0,0,0
1/1/2017,,47,20,0,0,0
1/2/2017,,41,20,0,0,0
1/3/2017,,41,27,0.56,0,0
1/4/2017,,44,23,0.03,0,0
1/5/2017,,23,16,0.03,0.7,0
1/6/2017,,17,3,0.04,0.8,1
1/7/2017,,13,3,0.01,0.1,1
1/8/2017,,15,5,0.04,0.7,1
1/9/2017,,18,6,0,0,1
1/10/2017,,31,17,0.32,2.8,3
1/11/2017,,47,27,0.28,0.1,0
1/12/2017,,55,28,0.32,0,0
1/13/2017,,34,18,0.29,0,0
1/14/2017,,26,18,0,0,0
1/15/2017,,32,15,0,0,0
1/16/2017,,33,15,0,0,0
1/17/2017,,34,22,0.62,0.1,0
1/18/2017,,46,33,0.07,0,0
1/19/2017,,41,32,0,0,0
1/20/2017,,38,33,0.07,0,0
1/21/2017,,42,33,0.07,0,0
1/22/2017,,59,40,0.01,0,0
1/23/2017,,51,41,0.01,0,0
1/24/2017,,44,37,0.18,0,0
1/25/2017,,40,34,0.02,0,0
1/26/2017,,46,34,0.03,0.1,0
1/27/2017,,39,30,0.05,0.2,0
1/28/2017,,32,26,0.03,0.4,0
1/29/2017,,29,25,0.09,1.5,2
1/30/2017,,30,16,0.08,1.3,2
1/31/2017,,26,17,0.32,3.4,5
2/1/2017,,34,26,0.14,1.8,6
2/2/2017,,40,17,0.03,0.5,5
2/3/2017,,27,4,0,0,4
2/4/2017,,25,8,0,0,4
2/5/2017,,30,7,0,0,4
2/6/2017,,38,16,0,0,3
2/7/2017,,44,16,0.02,0,2
2/8/2017,,52,31,0.9,0,0
2/9/2017,,32,18,0.01,0.2,0
2/10/2017,,23,14,0.01,0.2,0
2/11/2017,,33,19,0,0.1,0
2/12/2017,,47,33,0.26,0,0
2/13/2017,,43,26,0.02,0,0
2/14/2017,,45,26,0,0,0
2/15/2017,,50,28,0.04,0.3,0
2/16/2017,,29,24,0.02,0.4,0
2/17/2017,,34,24,0,0,0
2/18/2017,,51,26,0,0,0
2/19/2017,,69,40,0,0,0
2/20/2017,,66,30,0,0,0
2/21/2017,,57,30,0,0,0
2/22/2017,,62,38,0.01,0,0
2/23/2017,,63,42,0,0,0
2/24/2017,,67,39,0.06,0,0
2/25/2017,,67,36,0.81,0.1,0
2/26/2017,,37,21,0.01,0.4,0
2/27/2017,,43,21,0,0,0
2/28/2017,,52,27,0.09,0,0
3/1/2017,,57,39,1.45,0,0
3/2/2017,,55,24,0.07,0.2,0
3/3/2017,,32,20,0.03,0.5,0
3/4/2017,,30,11,0,0,0
3/5/2017,,34,12,0,0,0
3/6/2017,,47,27,0,0,0
3/7/2017,,57,47,0.33,0,0
3/8/2017,,58,34,0.02,0,0
3/9/2017,,53,30,0,0,0
3/10/2017,,43,25,0,0,0
3/11/2017,,31,13,0,0,0
3/12/2017,,30,12,0,0,0
3/13/2017,,33,12,0.07,0.7,1
3/14/2017,,26,15,0.31,4.7,4
3/15/2017,,26,13,0,0,3
3/16/2017,,32,14,0,0,3
3/17/2017,,41,17,0,0,0
3/18/2017,,36,21,0.23,1,1
3/19/2017,,41,32,0.09,0.8,0
3/20/2017,,42,32,0.15,0.1,0
3/21/2017,,46,34,0.03,0,0
3/22/2017,,56,19,0,0,0
3/23/2017,,38,16,0,0,0
3/24/2017,,45,16,0.46,0,0
3/25/2017,,77,41,0,0,0
3/26/2017,,45,39,0.03,0,0
3/27/2017,,52,39,0.36,0,0
3/28/2017,,61,43,0,0,0
3/29/2017,,48,27,0,0,0
3/30/2017,,58,27,0.04,0,0
3/31/2017,,40,36,1.49,0,0
4/1/2017,,42,36,0.02,0,0
4/2/2017,,57,31,0,0,0
4/3/2017,,61,31,0,0,0
4/4/2017,,56,46,0.38,0,0
4/5/2017,,54,36,0,0,0
4/6/2017,,49,38,0.96,0,0
4/7/2017,,40,33,0.45,0.8,0
4/8/2017,,52,28,0,0,0
4/9/2017,,62,28,0,0,0
4/10/2017,,76,46,0,0,0
4/11/2017,,74,52,0.93,0,0
4/12/2017,,64,43,0,0,0
4/13/2017,,60,42,0,0,0
4/14/2017,,53,42,0,0,0
4/15/2017,,65,42,0.06,0,0
4/16/2017,,83,47,0,0,0
4/17/2017,,73,40,0,0,0
4/18/2017,,70,36,0,0,0
4/19/2017,,68,38,0,0,0
4/20/2017,,76,47,0.3,0,0
4/21/2017,,64,48,0.88,0,0
4/22/2017,,52,35,0,0,0
4/23/2017,,63,31,0,0,0
4/24/2017,,71,33,0,0,0
4/25/2017,,72,40,0,0,0
4/26/2017,,73,50,0,0,0
4/27/2017,,84,54,0.04,0,0
4/28/2017,,69,41,0.1,0,0
4/29/2017,,64,44,0,0,0
4/30/2017,,52,40,0.44,0,0
5/1/2017,,60,44,0.21,0,0
5/2/2017,,68,43,0.04,0,0
5/3/2017,,50,37,0.03,0,0
5/4/2017,,63,38,0.04,0,0
5/5/2017,,46,42,1.06,0,0
5/6/2017,,47,39,0.61,0,0
5/7/2017,,60,36,0,0,0
5/8/2017,,57,32,0,0,0
5/9/2017,,59,29,0,0,0
5/10/2017,,66,32,0,0,0
5/11/2017,,70,43,0.14,0,0
5/12/2017,,68,37,0,0,0
5/13/2017,,70,42,0,0,0
5/14/2017,,74,44,0,0,0
5/15/2017,,70,37,0,0,0
5/16/2017,,74,41,0.03,0,0
5/17/2017,,87,55,0,0,0
5/18/2017,,87,67,0,0,0
5/19/2017,,87,45,0,0,0
5/20/2017,,56,46,0.03,0,0
5/21/2017,,68,50,0.67,0,0
5/22/2017,,77,49,0.23,0,0
5/23/2017,,71,50,0,0,0
5/24/2017,,77,53,0.05,0,0
5/25/2017,,71,55,0.5,0,0
5/26/2017,,62,54,0.04,0,0
5/27/2017,,70,55,0.02,0,0
5/28/2017,,77,54,0,0,0
5/29/2017,,82,52,0.37,0,0
5/30/2017,,79,48,0.07,0,0
5/31/2017,,74,50,0.03,0,0
6/1/2017,,73,46,0,0,0
6/2/2017,,75,46,0,0,0
6/3/2017,,81,48,0,0,0
6/4/2017,,82,56,0,0,0
6/5/2017,,86,58,0,0,0
6/6/2017,,70,50,0,0,0
6/7/2017,,70,49,0,0,0
6/8/2017,,76,44,0,0,0
6/9/2017,,80,48,0.02,0,0
6/10/2017,,82,56,0.03,0,0
6/11/2017,,88,63,0,0,0
6/12/2017,,90,62,0,0,0
6/13/2017,,92,68,0,0,0
6/14/2017,,90,65,0,0,0
6/15/2017,,87,66,0.06,0,0
6/16/2017,,88,60,0,0,0
6/17/2017,,87,61,0,0,0
6/18/2017,,89,67,0.01,0,0
6/19/2017,,84,55,0.02,0,0
6/20/2017,,80,55,0.01,0,0
6/21/2017,,79,52,0.04,0,0
6/22/2017,,78,55,0.43,0,0
6/23/2017,,87,60,0.22,0,0
6/24/2017,,80,58,0.11,0,0
6/25/2017,,77,51,0.01,0,0
6/26/2017,,72,50,0,0,0
6/27/2017,,71,49,0.03,0,0
6/28/2017,,73,45,0,0,0
6/29/2017,,78,50,0.03,0,0
6/30/2017,,86,66,0.2,0,0
7/1/2017,,86,66,0.22,0,0
7/2/2017,,84,58,0,0,0
7/3/2017,,84,62,0.22,0,0
7/4/2017,,82,55,0,0,0
7/5/2017,,83,53,0,0,0
7/6/2017,,85,56,0,0,0
7/7/2017,,87,60,0.93,0,0
7/8/2017,,83,60,0.36,0,0
7/9/2017,,77,51,0,0,0
7/10/2017,,82,54,0,0,0
7/11/2017,,77,65,0.68,0,0
7/12/2017,,86,69,0.16,0,0
7/13/2017,,84,70,0.25,0,0
7/14/2017,,82,65,0,0,0
7/15/2017,,81,57,0,0,0
7/16/2017,,80,59,0,0,0
7/17/2017,,79,55,0,0,0
7/18/2017,,81,57,0,0,0
7/19/2017,,87,60,0,0,0
7/20/2017,,90,67,0,0,0
7/21/2017,,87,66,0,0,0
7/22/2017,,89,69,0.03,0,0
7/23/2017,,87,66,0.08,0,0
7/24/2017,,85,62,0,0,0
7/25/2017,,75,48,0,0,0
7/26/2017,,81,50,0,0,0
7/27/2017,,81,59,0,0,0
7/28/2017,,86,60,0,0,0
7/29/2017,,80,53,0,0,0
7/30/2017,,83,54,0,0,0
7/31/2017,,85,55,0,0,0
8/1/2017,,87,56,0,0,0
8/2/2017,,87,60,0,0,0
8/3/2017,,88,61,0,0,0
8/4/2017,,88,62,0.11,0,0
8/5/2017,,72,53,0.01,0,0
8/6/2017,,78,53,0,0,0
8/7/2017,,78,55,0,0,0
8/8/2017,,78,50,0,0,0
8/9/2017,,82,51,0,0,0
8/10/2017,,84,54,0,0,0
8/11/2017,,86,56,0.04,0,0
8/12/2017,,84,59,0.03,0,0
8/13/2017,,79,53,0.02,0,0
8/14/2017,,81,54,0,0,0
8/15/2017,,85,57,0.05,0,0
8/16/2017,,82,59,0.27,0,0
8/17/2017,,86,60,0.28,0,0
8/18/2017,,83,66,0.42,0,0
8/19/2017,,79,59,0,0,0
8/20/2017,,79,54,0,0,0
8/21/2017,,86,55,0,0,0
8/22/2017,,88,65,0.01,0,0
8/23/2017,,80,54,0.03,0,0
8/24/2017,,77,48,0,0,0
8/25/2017,,68,45,0,0,0
8/26/2017,,73,44,0,0,0
8/27/2017,,76,45,0,0,0
8/28/2017,,78,56,0,0,0
8/29/2017,,69,59,0.66,0,0
8/30/2017,,73,58,0.85,0,0
8/31/2017,,80,57,0,0,0
9/1/2017,,71,45,0,0,0
9/2/2017,,66,45,0,0,0
9/3/2017,,71,50,0.04,0,0
9/4/2017,,77,52,0,0,0
9/5/2017,,83,52,0.29,0,0
9/6/2017,,70,44,0.03,0,0
9/7/2017,,67,44,0,0,0
9/8/2017,,68,47,0.2,0,0
9/9/2017,,67,39,0,0,0
9/10/2017,,67,39,0,0,0
9/11/2017,,71,40,0,0,0
9/12/2017,,74,45,0,0,0
9/13/2017,,77,45,0,0,0
9/14/2017,,73,50,0.04,0,0
9/15/2017,,79,50,0,0,0
9/16/2017,,82,53,0,0,0
9/17/2017,,82,53,0,0,0
9/18/2017,,86,55,0,0,0
9/19/2017,,76,62,0.01,0,0
9/20/2017,,73,62,0.15,0,0
9/21/2017,,84,63,0,0,0
9/22/2017,,92,64,0,0,0
9/23/2017,,92,59,0,0,0
9/24/2017,,92,59,0,0,0
9/25/2017,,91,59,0,0,0
9/26/2017,,91,61,0,0,0
9/27/2017,,91,62,0,0,0
9/28/2017,,78,45,0.01,0,0
9/29/2017,,66,45,0.06,0,0
9/30/2017,,68,42,0,0,0
10/1/2017,,66,36,0,0,0
10/2/2017,,70,36,0,0,0
10/3/2017,,77,40,0,0,0
10/4/2017,,85,45,0,0,0
10/5/2017,,78,46,0.02,0,0
10/6/2017,,77,46,0.16,0,0
10/7/2017,,63,55,0.52,0,0
10/8/2017,,83,60,0.18,0,0
10/9/2017,,76,61,0.19,0,0
10/10/2017,,78,51,0,0,0
10/11/2017,,70,51,0.7,0,0
10/12/2017,,52,49,0.76,0,0
10/13/2017,,56,49,0.07,0,0
10/14/2017,,71,55,0,0,0
10/15/2017,,66,59,0.49,0,0
10/16/2017,,71,39,0.03,0,0
10/17/2017,,58,38,0,0,0
10/18/2017,,69,40,0,0,0
10/19/2017,,70,41,0,0,0
10/20/2017,,69,37,0,0,0
10/21/2017,,75,39,0,0,0
10/22/2017,,74,45,0,0,0
10/23/2017,,79,45,0,0,0
10/24/2017,,64,46,0.86,0,0
10/25/2017,,53,41,0.23,0,0
10/26/2017,,51,28,0.01,0,0
10/27/2017,,55,28,0,0,0
10/28/2017,,56,35,0.39,0,0
10/29/2017,,44,33,0,0,0
10/30/2017,,45,35,0,0,0
10/31/2017,,47,37,0.1,0.2,0
11/1/2017,,43,32,0,0,0
11/2/2017,,50,34,0.56,0,0
11/3/2017,,58,42,0.3,0,0
11/4/2017,,50,34,0,0,0
11/5/2017,,52,38,0.45,0,0
11/6/2017,,62,42,0.28,0,0
11/7/2017,,46,33,0,0,0
11/8/2017,,49,24,0,0,0
11/9/2017,,50,24,0,0,0
11/10/2017,,49,17,0.02,0.3,0
11/11/2017,,30,17,0,0,0
11/12/2017,,37,23,0.01,0,0
11/13/2017,,37,31,0.36,0,0
11/14/2017,,43,28,0,0,0
11/15/2017,,47,28,0,0,0
11/16/2017,,46,37,0.28,0,0
11/17/2017,,40,29,0,0,0
11/18/2017,,43,33,0.83,0,0
11/19/2017,,45,33,0.93,0.2,0
11/20/2017,,36,27,0.03,0.7,0
11/21/2017,,48,27,0,0,0
11/22/2017,,50,28,0.08,0,0
11/23/2017,,37,22,0,0,0
11/24/2017,,40,25,0,0,0
11/25/2017,,54,29,0,0,0
11/26/2017,,50,22,0,0,0
11/27/2017,,45,22,0,0,0
11/28/2017,,51,29,0,0,0
11/29/2017,,65,32,0,0,0
11/30/2017,,50,26,0,0,0
12/1/2017,,51,23,0.13,0,0
12/2/2017,,48,23,0,0,0
12/3/2017,,51,27,0,0,0
12/4/2017,,56,29,0,0,0
12/5/2017,,57,39,0.02,0,0
12/6/2017,,42,25,0,0,0
12/7/2017,,40,26,0.01,0.1,0
12/8/2017,,30,18,0.06,1.5,1
12/9/2017,,33,18,0.05,0.7,1
12/10/2017,,28,22,0.1,1.6,2
12/11/2017,,28,23,0,0,2
12/12/2017,,30,19,0.33,5,5
12/13/2017,,22,12,0,0,5
12/14/2017,,23,12,0.52,6.8,10
12/15/2017,,23,7,0,0.1,9
12/16/2017,,31,17,0.07,1.5,8
12/17/2017,,38,21,0,0,6
12/18/2017,,37,24,0,0,5
12/19/2017,,41,36,0.04,0,2
12/20/2017,,48,27,0,0,1
12/21/2017,,35,24,0,0,0
12/22/2017,,35,28,0,0,0
12/23/2017,,36,31,0.03,0.3,1
12/24/2017,,37,18,0.03,0.3,0
12/25/2017,,24,14,0.38,4.2,5
12/26/2017,,24,3,0.14,3.4,6
12/27/2017,,14,-6,0.01,0.2,6
12/28/2017,,13,-10,0,0,5
12/29/2017,,16,-7,0.07,0.9,6
12/30/2017,,20,9,0.07,0.9,7
12/31/2017,,18,1,0.02,0.4,6
1/1/2018,,17,-4,0,0.1,6
1/2/2018,,14,7,0,0,6
1/3/2018,,17,0,0,0.1,6
1/4/2018,,16,2,0.05,1.3,7
1/5/2018,,13,-4,0,0.1,7
1/6/2018,,8,-6,0,0,6
1/7/2018,,13,-7,0,0,6
1/8/2018,,33,6,0.25,2.1,8
1/9/2018,,39,24,0.01,0.1,7
1/10/2018,,39,25,0,0,6
1/11/2018,,50,25,0.04,0,2
1/12/2018,,56,33,0.15,0,0
1/13/2018,,33,8,0.21,1.6,1
1/14/2018,,17,3,0.01,0.1,1
1/15/2018,,19,6,0.02,0.3,1
1/16/2018,,21,12,0.1,2.4,3
1/17/2018,,15,2,0.03,0.9,4
1/18/2018,,28,4,0,0,3
1/19/2018,,30,13,0,0,2
1/20/2018,,36,21,0,0,2
1/21/2018,,44,30,0,0,1
1/22/2018,,41,35,0.22,0,0
1/23/2018,,53,36,0.34,0,0
1/24/2018,,37,25,0.02,0,0
1/25/2018,,29,24,0,0,0
1/26/2018,,34,20,0,0,0
1/27/2018,,53,20,0,0,0
1/28/2018,,53,26,0.02,0,0
1/29/2018,,48,27,0.03,0.4,0
1/30/2018,,28,14,0.16,2.5,2
1/31/2018,,27,15,0,0,2
2/1/2018,,41,27,0,0,1
2/2/2018,,37,8,0,0,0
2/3/2018,,20,8,0,0,0
2/4/2018,,34,18,0.08,1.1,1
2/5/2018,,34,4,0.23,3.7,5
2/6/2018,,21,3,0.09,1.1,5
2/7/2018,,26,3,0.14,2.1,7
2/8/2018,,28,5,0.04,1,6
2/9/2018,,23,11,0.14,2.2,8
2/10/2018,,26,16,0.53,5.8,12
2/11/2018,,23,20,0.21,1.9,12
2/12/2018,,28,11,0.17,0.4,11
2/13/2018,,32,5,0,0,11
2/14/2018,,31,7,0,0,10
2/15/2018,,45,16,0,0,8
2/16/2018,,46,31,0.09,0,5
2/17/2018,,34,12,0,0,5
2/18/2018,,34,23,0.01,0.2,4
2/19/2018,,36,26,0.02,0,4
2/20/2018,,55,33,1.53,0,0
2/21/2018,,63,37,0.9,0,0
2/22/2018,,39,29,0.09,0,0
2/23/2018,,42,29,0,0,0
2/24/2018,,49,35,0.12,0,0
2/25/2018,,48,35,0.06,0,0
2/26/2018,,45,26,0,0,0
2/27/2018,,52,26,0,0,0
2/28/2018,,59,33,0,0,0
3/1/2018,,62,35,0.07,0,0
3/2/2018,,36,27,1.73,7.8,6
3/3/2018,,41,21,0,0,3
3/4/2018,,43,17,0,0,2
3/5/2018,,44,17,0,0,1
3/6/2018,,39,21,0.01,0.1,0
3/7/2018,,45,30,0.28,2.4,2
3/8/2018,,33,20,0.1,1.1,1
3/9/2018,,32,22,0.03,0.6,1
3/10/2018,,34,17,0,0.1,0
3/11/2018,,39,15,0,0,0
3/12/2018,,40,15,0,0,0
3/13/2018,,36,20,0.06,0.9,0
3/14/2018,,36,21,0.01,0.2,0
3/15/2018,,41,21,0,0,0
3/16/2018,,37,19,0,0,0
3/17/2018,,39,19,0,0,0
3/18/2018,,50,22,0,0,0
3/19/2018,,59,22,0,0,0
3/20/2018,,46,24,0,0,0
3/21/2018,,45,24,0,0,0
3/22/2018,,41,24,0,0,0
3/23/2018,,45,24,0,0,0
3/24/2018,,43,19,0,0,0
3/25/2018,,44,19,0,0,0
3/26/2018,,41,20,0,0,0
3/27/2018,,51,28,0.2,0,0
3/28/2018,,53,40,0.28,0,0
3/29/2018,,47,39,0.11,0,0
3/30/2018,,45,31,0.32,0,0
3/31/2018,,47,27,0,0,0
4/1/2018,,49,27,0.19,0,0
4/2/2018,,42,18,0,0,0
4/3/2018,,44,18,0,0,0
4/4/2018,,40,34,0.79,0.2,0
4/5/2018,,36,25,0.03,0.5,0
4/6/2018,,44,25,0.14,1.8,2
4/7/2018,,42,19,0.01,0.3,0
4/8/2018,,39,15,0,0,0
4/9/2018,,40,16,0,0,0
4/10/2018,,40,27,0.03,0.6,0
4/11/2018,,47,27,0,0,0
4/12/2018,,59,33,0.07,0.2,0
4/13/2018,,74,39,0,0,0
4/14/2018,,63,38,0.31,0,0
4/15/2018,,40,30,0.99,0.2,0
4/16/2018,,39,31,0.71,0,0
4/17/2018,,38,28,0.06,0.6,1
4/18/2018,,37,28,0.05,0.9,0
4/19/2018,,48,31,0.04,0.1,0
4/20/2018,,54,31,0,0,0
4/21/2018,,57,27,0,0,0
4/22/2018,,58,28,0,0,0
4/23/2018,,63,30,0,0,0
4/24/2018,,72,41,0.02,0,0
4/25/2018,,58,50,0.16,0,0
4/26/2018,,61,31,0,0,0
4/27/2018,,64,33,0,0,0
4/28/2018,,65,36,0.2,0,0
4/29/2018,,54,28,0,0,0
4/30/2018,,58,29,0,0,0
5/1/2018,,72,34,0,0,0
5/2/2018,,83,50,0,0,0
5/3/2018,,84,59,0.79,0,0
5/4/2018,,73,58,0.44,0,0
5/5/2018,,74,48,0,0,0
5/6/2018,,78,51,0,0,0
5/7/2018,,77,42,0,0,0
5/8/2018,,70,40,0,0,0
5/9/2018,,77,42,0,0,0
5/10/2018,,80,47,0.32,0,0
5/11/2018,,72,43,0,0,0
5/12/2018,,45,41,1.49,0,0
5/13/2018,,51,42,0.82,0,0
5/14/2018,,62,44,0.01,0,0
5/15/2018,,77,52,0.67,0,0
5/16/2018,,73,45,0.02,0,0
5/17/2018,,79,48,0,0,0
5/18/2018,,82,50,0,0,0
5/19/2018,,75,53,0.58,0,0
5/20/2018,,79,57,0.05,0,0
5/21/2018,,64,48,0,0,0
5/22/2018,,68,49,0.45,0,0
5/23/2018,,75,50,0,0,0
5/24/2018,,80,48,0,0,0
5/25/2018,,83,51,0,0,0
5/26/2018,,86,54,0,0,0
5/27/2018,,82,63,0,0,0
5/28/2018,,92,63,0,0,0
5/29/2018,,94,64,0,0,0
5/30/2018,,90,67,0,0,0
5/31/2018,,86,69,0.21,0,0
6/1/2018,,87,68,0,0,0
6/2/2018,,85,55,0.02,0,0
6/3/2018,,73,55,0,0,0
6/4/2018,,75,57,0.62,0,0
6/5/2018,,72,54,0.14,0,0
6/6/2018,,70,42,0,0,0
6/7/2018,,74,48,0,0,0
6/8/2018,,82,58,0,0,0
6/9/2018,,84,60,0.01,0,0
6/10/2018,,73,59,0.35,0,0
6/11/2018,,67,56,0.02,0,0
6/12/2018,,79,57,0,0,0
6/13/2018,,78,63,0,0,0
6/14/2018,,83,51,0,0,0
6/15/2018,,83,51,0,0,0
6/16/2018,,84,55,0.03,0,0
6/17/2018,,86,63,0.02,0,0
6/18/2018,,94,66,0,0,0
6/19/2018,,93,65,0.49,0,0
6/20/2018,,78,56,0.38,0,0
6/21/2018,,72,54,0,0,0
6/22/2018,,80,58,0,0,0
6/23/2018,,73,62,0.31,0,0
6/24/2018,,81,62,0.05,0,0
6/25/2018,,75,54,0,0,0
6/26/2018,,78,51,0,0,0
6/27/2018,,81,56,0.02,0,0
6/28/2018,,77,63,0.06,0,0
6/29/2018,,87,63,0,0,0
6/30/2018,,91,65,0,0,0
7/1/2018,,94,69,0,0,0
7/2/2018,,93,72,0.04,0,0
7/3/2018,,88,64,0,0,0
7/4/2018,,92,67,0,0,0
7/5/2018,,95,71,0.09,0,0
7/6/2018,,92,64,0,0,0
7/7/2018,,79,46,0,0,0
7/8/2018,,83,49,0,0,0
7/9/2018,,88,53,0,0,0
7/10/2018,,90,58,0,0,0
7/11/2018,,88,53,0,0,0
7/12/2018,,85,52,0,0,0
7/13/2018,,87,56,0,0,0
7/14/2018,,92,65,0,0,0
7/15/2018,,87,67,0,0,0
7/16/2018,,95,68,0.05,0,0
7/17/2018,,92,59,0.03,0,0
7/18/2018,,82,54,0,0,0
7/19/2018,,84,54,0,0,0
7/20/2018,,85,56,0,0,0
7/21/2018,,82,64,0.1,0,0
7/22/2018,,79,65,0.03,0,0
7/23/2018,,73,57,0.02,0,0
7/24/2018,,81,59,0,0,0
7/25/2018,,84,64,0,0,0
7/26/2018,,88,61,0,0,0
7/27/2018,,84,55,0.43,0,0
7/28/2018,,81,53,0.08,0,0
7/29/2018,,82,56,0,0,0
7/30/2018,,84,55,0,0,0
7/31/2018,,81,57,0,0,0
8/1/2018,,79,61,1.84,0,0
8/2/2018,,83,57,0.03,0,0
8/3/2018,,85,59,0,0,0
8/4/2018,,87,59,0,0,0
8/5/2018,,89,60,0,0,0
8/6/2018,,90,66,0,0,0
8/7/2018,,88,67,1.1,0,0
8/8/2018,,85,67,0.15,0,0
8/9/2018,,84,60,0,0,0
8/10/2018,,84,62,0.03,0,0
8/11/2018,,85,55,0,0,0
8/12/2018,,86,56,0.02,0,0
8/13/2018,,85,58,0,0,0
8/14/2018,,87,60,0,0,0
8/15/2018,,88,61,0,0,0
8/16/2018,,88,65,0.01,0,0
8/17/2018,,79,69,0.14,0,0
8/18/2018,,84,65,0.03,0,0
8/19/2018,,84,64,0.75,0,0
8/20/2018,,83,60,0,0,0
8/21/2018,,82,61,0.33,0,0
8/22/2018,,83,59,0.1,0,0
8/23/2018,,75,52,0.07,0,0
8/24/2018,,81,51,0,0,0
8/25/2018,,79,52,0.01,0,0
8/26/2018,,76,66,0.17,0,0
8/27/2018,,88,69,0,0,0
8/28/2018,,89,70,0,0,0
8/29/2018,,89,70,0,0,0
8/30/2018,,83,56,0,0,0
8/31/2018,,79,54,0,0,0
9/1/2018,,84,55,0,0,0
9/2/2018,,88,63,0.62,0,0
9/3/2018,,89,70,0,0,0
9/4/2018,,87,65,1.13,0,0
9/5/2018,,90,65,0,0,0
9/6/2018,,90,67,0.4,0,0
9/7/2018,,76,61,0.03,0,0
9/8/2018,,71,58,0,0,0
9/9/2018,,66,54,0,0,0
9/10/2018,,59,54,0.1,0,0
9/11/2018,,64,55,0.05,0,0
9/12/2018,,77,49,0,0,0
9/13/2018,,75,50,0,0,0
9/14/2018,,79,56,0,0,0
9/15/2018,,85,63,0,0,0
9/16/2018,,89,62,0,0,0
9/17/2018,,86,61,0,0,0
9/18/2018,,87,61,0,0,0
9/19/2018,,88,63,0,0,0
9/20/2018,,80,61,0.1,0,0
9/21/2018,,80,63,0.18,0,0
9/22/2018,,81,49,0,0,0
9/23/2018,,62,41,0,0,0
9/24/2018,,72,42,0,0,0
9/25/2018,,67,52,0.35,0,0
9/26/2018,,77,62,0.91,0,0
9/27/2018,,67,41,0,0,0
9/28/2018,,63,41,0,0,0
9/29/2018,,71,38,0.03,0,0
9/30/2018,,64,38,0.06,0,0
10/1/2018,,66,45,0.03,0,0
10/2/2018,,64,54,0.34,0,0
10/3/2018,,70,56,0.01,0,0
10/4/2018,,84,56,0.02,0,0
10/5/2018,,74,40,0,0,0
10/6/2018,,61,42,0.89,0,0
10/7/2018,,80,56,0.68,0,0
10/8/2018,,60,55,0.06,0,0
10/9/2018,,85,58,0,0,0
10/10/2018,,85,59,0,0,0
10/11/2018,,78,54,0.08,0,0
10/12/2018,,58,41,0,0,0
10/13/2018,,48,38,0.2,0,0
10/14/2018,,54,33,0,0,0
10/15/2018,,62,32,0.02,0,0
10/16/2018,,52,27,0.02,0,0
10/17/2018,,57,28,0,0,0
10/18/2018,,48,24,0,0,0
10/19/2018,,54,23,0,0,0
10/20/2018,,57,35,0.05,0,0
10/21/2018,,57,34,0.55,0.3,0
10/22/2018,,46,30,0,0,0
10/23/2018,,59,31,0,0,0
10/24/2018,,56,31,0,0,0
10/25/2018,,49,25,0,0,0
10/26/2018,,49,25,0,0,0
10/27/2018,,52,41,0.02,0,0
10/28/2018,,45,39,0.14,0,0
10/29/2018,,46,38,0.29,0,0
10/30/2018,,54,30,0,0,0
10/31/2018,,57,34,0.39,0,0
11/1/2018,,55,42,0.18,0,0
11/2/2018,,45,39,1.25,0,0
11/3/2018,,48,37,0,0,0
11/4/2018,,47,31,0,0,0
11/5/2018,,53,37,0.24,0,0
11/6/2018,,54,44,0.26,0,0
11/7/2018,,54,40,0.05,0,0
11/8/2018,,40,36,0,0,0
11/9/2018,,42,30,0.1,0.8,1
11/10/2018,,36,20,0.14,1.4,0
11/11/2018,,35,20,0,0,0
11/12/2018,,40,21,0,0,0
11/13/2018,,42,26,0.15,2.2,2
11/14/2018,,33,12,0,0,1
11/15/2018,,32,13,0,0,0
11/16/2018,,34,30,0.31,2.1,2
11/17/2018,,36,29,0.02,0.4,1
11/18/2018,,38,30,0.05,0.7,1
11/19/2018,,36,20,0.08,1.2,0
11/20/2018,,38,26,0.07,1.3,1
11/21/2018,,34,25,0,0,0
11/22/2018,,36,20,0,0,0
11/23/2018,,29,21,0,0,0
11/24/2018,,47,21,0.31,0,0
11/25/2018,,47,41,0.01,0,0
11/26/2018,,45,33,0.41,0.4,0
11/27/2018,,34,26,0.11,0.7,0
11/28/2018,,30,25,0,0,0
11/29/2018,,28,23,0,0,0
11/30/2018,,31,23,0.04,0.4,0
12/1/2018,,43,26,0,0,0
12/2/2018,,48,33,0.34,0,0
12/3/2018,,57,34,0.09,0,0
12/4/2018,,35,27,0.02,0.2,0
12/5/2018,,34,20,0,0,0
12/6/2018,,32,20,0,0.1,0
12/7/2018,,34,23,0.02,0.2,0
12/8/2018,,34,19,0,0.1,0
12/9/2018,,31,9,0,0,0
12/10/2018,,37,9,0,0,0
12/11/2018,,28,23,0,0,0
12/12/2018,,33,18,0,0,0
12/13/2018,,40,25,0.08,0.1,0
12/14/2018,,40,28,0.14,0,0
12/15/2018,,46,30,0,0,0
12/16/2018,,40,29,0,0,0
12/17/2018,,45,29,0,0,0
12/18/2018,,40,18,0,0,0
12/19/2018,,37,21,0,0,0
12/20/2018,,45,26,0,0,0
12/21/2018,,43,33,0.58,0,0
12/22/2018,,40,30,0,0,0
12/23/2018,,33,30,0,0,0
12/24/2018,,36,31,0,0,0
12/25/2018,,32,19,0,0,0
12/26/2018,,32,20,0.01,0.2,0
12/27/2018,,49,25,0,0,0
12/28/2018,,51,35,0.27,0,0
12/29/2018,,54,30,0.04,0.5,1
12/30/2018,,31,26,0.07,0.9,1
12/31/2018,,36,25,0,0,0
1/1/2019,,48,31,0.84,0,0
1/2/2019,,36,25,0.02,0.1,0
1/3/2019,,33,26,0.04,0.3,0
1/4/2019,,38,29,0,0,0
1/5/2019,,51,25,0,0,0
1/6/2019,,51,27,0,0,0
1/7/2019,,44,30,0,0,0
1/8/2019,,53,32,0.08,0,0
1/9/2019,,50,26,0.12,0.2,0
1/10/2019,,26,21,0.02,0.5,0
1/11/2019,,28,12,0,0,0
1/12/2019,,31,12,0,0,0
1/13/2019,,31,21,0,0,0
1/14/2019,,34,9,0,0,0
1/15/2019,,36,9,0,0,0
1/16/2019,,31,24,0.02,0,0
1/17/2019,,33,16,0,0,0
1/18/2019,,31,22,0.03,0.3,0
1/19/2019,,31,20,0.17,1.8,2
1/20/2019,,21,0,0.28,4.7,5
1/21/2019,,13,-8,0,0,5
1/22/2019,,18,-8,0,0,5
1/23/2019,,33,11,0.53,0.1,3
1/24/2019,,41,27,0.12,0,1
1/25/2019,,29,10,0.02,0.3,2
1/26/2019,,16,2,0,0.1,1
1/27/2019,,21,5,0.16,3.3,5
1/28/2019,,20,-4,0,0.1,4
1/29/2019,,35,10,0.41,4.3,7
1/30/2019,,16,-9,0.02,0.4,6
1/31/2019,,-4,-18,0,0,6
2/1/2019,,5,-17,0,0,6
2/2/2019,,18,-3,0,0,6
2/3/2019,,41,11,0,0,3
2/4/2019,,53,36,0,0,0
2/5/2019,,51,33,0.16,0,0
2/6/2019,,38,28,0.44,0.3,0
2/7/2019,,34,31,0.09,0,0
2/8/2019,,55,16,0.06,0.1,0
2/9/2019,,18,9,0.03,0.6,0
2/10/2019,,26,9,0,0,0
2/11/2019,,27,16,0.09,1.2,1
2/12/2019,,30,24,0.38,1,2
2/13/2019,,34,21,0.31,1.9,3
2/14/2019,,27,10,0.09,2.7,3
2/15/2019,,44,23,0,0,1
2/16/2019,,31,17,0,0,1
2/17/2019,,27,21,0,0,1
2/18/2019,,26,18,0.4,5.4,6
2/19/2019,,29,2,0,0,5
2/20/2019,,32,4,0,0,4
2/21/2019,,37,24,0.1,0.2,3
2/22/2019,,40,19,0,0,3
2/23/2019,,41,19,0,0,2
2/24/2019,,47,28,0.22,0,0
2/25/2019,,46,16,0.05,1,1
2/26/2019,,27,15,0.02,0.2,0
2/27/2019,,26,15,0.15,1.6,2
2/28/2019,,27,6,0,0,2
3/1/2019,,30,9,0,0,1
3/2/2019,,37,10,0,0,0
3/3/2019,,34,16,0,0,0
3/4/2019,,29,6,0.02,0.3,0
3/5/2019,,20,6,0.02,0.6,1
3/6/2019,,21,5,0.04,0.6,1
3/7/2019,,22,6,0.02,0.5,1
3/8/2019,,28,10,0,0,0
3/9/2019,,41,13,0,0,0
3/10/2019,,47,19,0.65,0,0
3/11/2019,,39,27,0.01,0,0
3/12/2019,,42,19,0,0,0
3/13/2019,,47,19,0,0,0
3/14/2019,,54,34,0.05,0,0
3/15/2019,,65,40,0.36,0,0
3/16/2019,,41,30,0.19,0.3,0
3/17/2019,,37,16,0.04,0.5,0
3/18/2019,,39,15,0,0.2,0
3/19/2019,,42,21,0,0,0
3/20/2019,,49,21,0,0,0
3/21/2019,,45,30,0.11,0,0
3/22/2019,,43,30,0,0,0
3/23/2019,,45,22,0.01,0.1,0
3/24/2019,,50,23,0,0,0
3/25/2019,,55,28,0,0,0
3/26/2019,,48,20,0,0,0
3/27/2019,,48,19,0,0,0
3/28/2019,,54,20,0.02,0,0
3/29/2019,,68,38,0.05,0,0
3/30/2019,,54,37,0.62,0,0
3/31/2019,,43,21,0.7,1.2,1
4/1/2019,,33,18,0,0,0
4/2/2019,,44,18,0,0,0
4/3/2019,,56,32,0,0,0
4/4/2019,,55,34,0,0,0
4/5/2019,,42,35,0.01,0,0
4/6/2019,,61,36,0,0,0
4/7/2019,,69,36,0,0,0
4/8/2019,,72,41,0.01,0,0
4/9/2019,,73,47,0,0,0
4/10/2019,,62,33,0,0,0
4/11/2019,,45,32,0.03,0.2,0
4/12/2019,,57,36,0.03,0,0
4/13/2019,,63,37,0.18,0,0
4/14/2019,,58,33,0.23,0.3,0
4/15/2019,,38,32,0.46,0.2,0
4/16/2019,,55,32,0,0,0
4/17/2019,,68,42,0.02,0,0
4/18/2019,,60,44,0.06,0,0
4/19/2019,,66,41,0.69,0,0
4/20/2019,,44,39,0.02,0,0
4/21/2019,,43,39,0.97,0,0
4/22/2019,,69,39,0,0,0
4/23/2019,,73,42,0.04,0,0
4/24/2019,,68,33,0,0,0
4/25/2019,,64,35,0,0,0
4/26/2019,,60,47,1.39,0,0
4/27/2019,,63,37,0.01,0,0
4/28/2019,,53,35,0.41,0.1,0
4/29/2019,,58,35,0,0,0
4/30/2019,,45,36,0.39,0,0
5/1/2019,,51,41,1.27,0,0
5/2/2019,,69,45,0,0,0
5/3/2019,,60,47,0.19,0,0
5/4/2019,,53,46,0.02,0,0
5/5/2019,,64,36,0,0,0
5/6/2019,,73,38,0,0,0
5/7/2019,,75,42,0.25,0,0
5/8/2019,,52,40,0.06,0,0
5/9/2019,,61,42,0,0,0
5/10/2019,,75,50,0.06,0,0
5/11/2019,,59,35,0,0,0
5/12/2019,,57,40,0.03,0,0
5/13/2019,,54,43,0.09,0,0
5/14/2019,,56,33,0.01,0,0
5/15/2019,,69,37,0,0,0
5/16/2019,,74,43,0,0,0
5/17/2019,,76,46,0,0,0
5/18/2019,,69,47,0.36,0,0
5/19/2019,,74,47,0.02,0,0
5/20/2019,,77,54,0.45,0,0
5/21/2019,,56,36,0,0,0
5/22/2019,,63,42,0,0,0
5/23/2019,,72,53,0.39,0,0
5/24/2019,,79,48,0.01,0,0
5/25/2019,,70,52,0,0,0
5/26/2019,,85,60,0.07,0,0
5/27/2019,,72,48,0.03,0,0
5/28/2019,,77,53,0.19,0,0
5/29/2019,,81,56,0.15,0,0
5/30/2019,,73,57,0.02,0,0
5/31/2019,,71,52,0.45,0,0
6/1/2019,,82,55,0,0,0
6/2/2019,,77,57,1.39,0,0
6/3/2019,,71,41,0,0,0
6/4/2019,,68,44,0,0,0
6/5/2019,,73,48,0.12,0,0
6/6/2019,,82,58,0.08,0,0
6/7/2019,,75,51,0,0,0
6/8/2019,,81,50,0,0,0
6/9/2019,,83,59,0,0,0
6/10/2019,,75,65,1.35,0,0
6/11/2019,,71,44,0.2,0,0
6/12/2019,,78,48,0,0,0
6/13/2019,,78,54,0.94,0,0
6/14/2019,,63,46,0.14,0,0
6/15/2019,,74,49,0,0,0
6/16/2019,,70,57,0.02,0,0
6/17/2019,,64,56,0.55,0,0
6/18/2019,,71,55,0,0,0
6/19/2019,,80,57,0,0,0
6/20/2019,,83,61,0.03,0,0
6/21/2019,,64,51,0.65,0,0
6/22/2019,,78,49,0,0,0
6/23/2019,,80,48,0,0,0
6/24/2019,,82,52,0.06,0,0
6/25/2019,,80,61,0.05,0,0
6/26/2019,,83,63,0,0,0
6/27/2019,,86,63,0.02,0,0
6/28/2019,,88,63,0,0,0
6/29/2019,,90,67,0.02,0,0
6/30/2019,,88,63,0,0,0
7/1/2019,,84,59,0,0,0
7/2/2019,,91,63,0,0,0
7/3/2019,,91,69,0.11,0,0
7/4/2019,,87,64,0,0,0
7/5/2019,,89,68,0.49,0,0
7/6/2019,,92,70,0.08,0,0
7/7/2019,,88,64,0.41,0,0
7/8/2019,,83,55,0,0,0
7/9/2019,,82,54,0,0,0
7/10/2019,,85,56,0,0,0
7/11/2019,,91,61,0,0,0
7/12/2019,,84,55,0,0,0
7/13/2019,,80,58,0,0,0
7/14/2019,,89,61,0,0,0
7/15/2019,,84,57,0,0,0
7/16/2019,,93,61,0,0,0
7/17/2019,,85,71,4.08,0,0
7/18/2019,,88,64,0.02,0,0
7/19/2019,,87,66,0.05,0,0
7/20/2019,,91,72,0.61,0,0
7/21/2019,,94,69,0.11,0,0
7/22/2019,,84,62,0.23,0,0
7/23/2019,,75,53,0,0,0
7/24/2019,,79,54,0.06,0,0
7/25/2019,,78,56,0,0,0
7/26/2019,,82,59,0,0,0
7/27/2019,,85,60,0,0,0
7/28/2019,,85,64,0,0,0
7/29/2019,,88,67,0,0,0
7/30/2019,,87,66,0.33,0,0
7/31/2019,,85,62,0,0,0
8/1/2019,,80,55,0,0,0
8/2/2019,,80,51,0,0,0
8/3/2019,,82,53,0,0,0
8/4/2019,,85,55,0,0,0
8/5/2019,,87,62,0,0,0
8/6/2019,,87,64,0,0,0
8/7/2019,,79,64,0.16,0,0
8/8/2019,,84,63,0,0,0
8/9/2019,,82,55,0,0,0
8/10/2019,,80,54,0,0,0
8/11/2019,,81,55,0,0,0
8/12/2019,,85,57,0,0,0
8/13/2019,,87,68,0.02,0,0
8/14/2019,,85,57,0,0,0
8/15/2019,,85,61,0,0,0
8/16/2019,,83,61,0.02,0,0
8/17/2019,,82,62,0.08,0,0
8/18/2019,,85,65,0,0,0
8/19/2019,,85,64,0.45,0,0
8/20/2019,,86,66,0,0,0
8/21/2019,,87,67,0.02,0,0
8/22/2019,,87,64,0,0,0
8/23/2019,,77,50,0,0,0
8/24/2019,,75,48,0,0,0
8/25/2019,,76,50,0,0,0
8/26/2019,,79,54,0,0,0
8/27/2019,,76,56,0.95,0,0
8/28/2019,,81,56,0,0,0
8/29/2019,,76,55,0,0,0
8/30/2019,,81,55,0.08,0,0
8/31/2019,,76,49,0,0,0
9/1/2019,,76,50,0,0,0
9/2/2019,,69,58,0.21,0,0
9/3/2019,,82,59,0.03,0,0
9/4/2019,,77,60,0.31,0,0
9/5/2019,,71,51,0,0,0
9/6/2019,,74,52,0,0,0
9/7/2019,,72,54,0,0,0
9/8/2019,,75,55,0,0,0
9/9/2019,,69,55,0,0,0
9/10/2019,,73,55,0,0,0
9/11/2019,,87,58,0,0,0
9/12/2019,,86,67,1.32,0,0
9/13/2019,,72,62,0.04,0,0
9/14/2019,,85,54,0.21,0,0
9/15/2019,,76,54,0,0,0
9/16/2019,,75,58,0.1,0,0
9/17/2019,,79,60,0,0,0
9/18/2019,,77,53,0,0,0
9/19/2019,,80,53,0,0,0
9/20/2019,,80,53,0,0,0
9/21/2019,,86,57,0,0,0
9/22/2019,,85,63,0.08,0,0
9/23/2019,,86,66,0.05,0,0
9/24/2019,,74,52,0,0,0
9/25/2019,,77,54,0,0,0
9/26/2019,,76,56,0.02,0,0
9/27/2019,,70,43,0,0,0
9/28/2019,,75,52,0.86,0,0
9/29/2019,,69,52,0.03,0,0
9/30/2019,,60,53,0.43,0,0
10/1/2019,,79,56,0.11,0,0
10/2/2019,,86,65,0,0,0
10/3/2019,,72,53,1.05,0,0
10/4/2019,,69,49,0.03,0,0
10/5/2019,,58,44,0,0,0
10/6/2019,,63,43,0.04,0,0
10/7/2019,,68,47,0.04,0,0
10/8/2019,,71,39,0,0,0
10/9/2019,,71,39,0,0,0
10/10/2019,,71,42,0,0,0
10/11/2019,,73,51,0,0,0
10/12/2019,,65,35,0.48,0,0
10/13/2019,,51,37,0,0,0
10/14/2019,,62,39,0,0,0
10/15/2019,,53,30,0,0,0
10/16/2019,,65,31,0.12,0,0
10/17/2019,,51,40,0.02,0,0
10/18/2019,,54,32,0,0,0
10/19/2019,,57,30,0,0,0
10/20/2019,,63,30,0,0,0
10/21/2019,,71,45,0.01,0,0
10/22/2019,,62,46,0.24,0,0
10/23/2019,,55,40,0.03,0,0
10/24/2019,,60,39,0,0,0
10/25/2019,,56,42,0,0,0
10/26/2019,,50,29,0,0,0
10/27/2019,,58,31,1.38,0,0
10/28/2019,,60,34,0.01,0,0
10/29/2019,,66,35,0,0,0
10/30/2019,,58,39,0.04,0,0
10/31/2019,,46,39,0.62,0,0
11/1/2019,,46,32,0.89,0.2,0
11/2/2019,,43,32,0,0,0
11/3/2019,,48,29,0.06,0,0
11/4/2019,,48,29,0.04,0,0
11/5/2019,,54,34,0.01,0,0
11/6/2019,,47,22,0,0,0
11/7/2019,,38,28,0.03,0.4,0
11/8/2019,,36,20,0,0,0
11/9/2019,,38,21,0,0,0
11/10/2019,,42,26,0,0,0
11/11/2019,,45,29,0.15,1.2,1
11/12/2019,,30,15,0.8,8.9,9
11/13/2019,,27,3,0,0,8
11/14/2019,,25,6,0,0.1,7
11/15/2019,,33,24,0,0,5
11/16/2019,,35,15,0,0,4
11/17/2019,,36,15,0,0,3
11/18/2019,,43,19,0.03,0.1,3
11/19/2019,,50,24,0,0,1
11/20/2019,,40,30,0,0,0
11/21/2019,,43,33,0,0,0
11/22/2019,,51,34,0.17,0,0
11/23/2019,,38,17,0,0,0
11/24/2019,,38,18,0,0,0
11/25/2019,,49,27,0.05,0,0
11/26/2019,,50,31,0,0,0
11/27/2019,,54,31,0.82,0,0
11/28/2019,,55,34,0.02,0,0
11/29/2019,,37,30,0,0,0
11/30/2019,,36,31,0,0,0
12/1/2019,,39,31,0.22,0,0
12/2/2019,,42,33,0.14,0,0
12/3/2019,,34,28,0.01,0,0
12/4/2019,,36,29,0.01,0.1,0
12/5/2019,,38,29,0.02,0.3,0
12/6/2019,,41,30,0,0,0
12/7/2019,,41,19,0,0,0
12/8/2019,,33,20,0,0,0
12/9/2019,,49,29,0.02,0,0
12/10/2019,,50,31,0.29,0,0
12/11/2019,,31,16,0.04,0.7,0
12/12/2019,,26,9,0,0,0
12/13/2019,,33,16,0,0,0
12/14/2019,,41,23,0,0,0
12/15/2019,,41,29,0.01,0.2,0
12/16/2019,,34,22,0.01,0.2,0
12/17/2019,,35,26,0,0,0
12/18/2019,,35,18,0.07,1.8,2
12/19/2019,,21,4,0,0,1
12/20/2019,,31,13,0,0,1
12/21/2019,,36,14,0,0,0
12/22/2019,,47,25,0,0,0
12/23/2019,,54,28,0,0,0
12/24/2019,,59,28,0,0,0
12/25/2019,,38,31,0,0,0
12/26/2019,,53,30,0,0,0
12/27/2019,,56,35,0,0,0
12/28/2019,,50,31,0,0,0
12/29/2019,,42,31,0.34,0,0
12/30/2019,,48,40,1.19,0,0
12/31/2019,,44,28,0.12,1.4,1
1/1/2020,,30,24,0.05,0.8,2
1/2/2020,,37,23,0,0,1
1/3/2020,,47,30,0,0,0
1/4/2020,,43,33,0,0,0
1/5/2020,,35,29,0.02,0.2,0
1/6/2020,,39,29,0.04,0.6,0
1/7/2020,,45,25,0,0,0
1/8/2020,,43,23,0.02,0.4,0
1/9/2020,,25,12,0,0.1,0
1/10/2020,,48,19,0.01,0,0
1/11/2020,,54,41,1.09,0,0
1/12/2020,,53,22,1.54,0.5,1
1/13/2020,,31,21,0.02,0.3,1
1/14/2020,,37,30,0,0,0
1/15/2020,,40,24,0,0,0
1/16/2020,,41,24,0.03,0,0
1/17/2020,,34,16,0,0,0
1/18/2020,,30,15,0.71,5.7,5
1/19/2020,,38,16,0.31,1.3,4
1/20/2020,,21,8,0.02,0.8,5
1/21/2020,,26,11,0,0,4
1/22/2020,,34,15,0,0,4
1/23/2020,,31,16,0,0,4
1/24/2020,,38,24,0.12,0,4
1/25/2020,,37,33,0.52,0.1,2
1/26/2020,,35,32,0.05,0.3,2
1/27/2020,,35,32,0.05,0.3,2
1/28/2020,,35,31,0,0,1
1/29/2020,,34,28,0,0,1
1/30/2020,,32,28,0,0,1
1/31/2020,,33,28,0,0.1,1
2/1/2020,,33,18,0.01,0.1,1
2/2/2020,,34,19,0.09,1.2,1
2/3/2020,,52,27,0,0,0
2/4/2020,,54,27,0,0,0
2/5/2020,,35,22,0,0,0
2/6/2020,,31,21,0.15,1.6,2
2/7/2020,,28,23,0.1,1.4,3
2/8/2020,,36,23,0.07,1.4,3
2/9/2020,,34,22,0,0.1,3
2/10/2020,,35,22,0.22,1.6,3
2/11/2020,,34,26,0,0,2
2/12/2020,,38,19,0,0,2
2/13/2020,,33,22,0.09,1.1,3
2/14/2020,,33,1,0.06,1.3,4
2/15/2020,,22,1,0,0,3
2/16/2020,,33,7,0.01,0.2,3
2/17/2020,,43,19,0,0,2
2/18/2020,,35,20,0.1,1.3,2
2/19/2020,,40,20,0,0,1
2/20/2020,,31,14,0,0,0
2/21/2020,,25,11,0,0,0
2/22/2020,,38,12,0,0,0
2/23/2020,,48,22,0,0,0
2/24/2020,,52,27,0,0,0
2/25/2020,,48,29,0.14,0.2,0
2/26/2020,,40,29,0.21,2.3,2
2/27/2020,,31,18,0.42,4.6,6
2/28/2020,,27,19,0,0.1,5
2/29/2020,,30,17,0,0,4
3/1/2020,,36,13,0,0,4
3/2/2020,,47,14,0.15,0,1
3/3/2020,,53,27,0,0,0
3/4/2020,,50,26,0,0,0
3/5/2020,,48,20,0,0,0
3/6/2020,,50,20,0.06,0,0
3/7/2020,,36,17,0.01,0,0
3/8/2020,,46,17,0,0,0
3/9/2020,,61,33,0,0,0
3/10/2020,,61,41,0.22,0,0
3/11/2020,,52,29,0,0,0
3/12/2020,,43,33,0.02,0,0
3/13/2020,,52,38,0.02,0,0
3/14/2020,,49,30,0,0,0
3/15/2020,,38,28,0,0,0
3/16/2020,,47,22,0,0,0
3/17/2020,,48,23,0.01,0,0
3/18/2020,,52,27,0,0,0
3/19/2020,,46,29,0.44,0,0
3/20/2020,,62,39,0.36,0,0
3/21/2020,,62,25,0,0,0
3/22/2020,,39,17,0,0,0
3/23/2020,,40,18,0.2,2.1,2
3/24/2020,,44,32,0.05,0.2,0
3/25/2020,,45,27,0,0,0
3/26/2020,,57,27,0,0,0
3/27/2020,,58,38,0.27,0,0
3/28/2020,,51,36,1.54,0,0
3/29/2020,,50,42,0.64,0,0
3/30/2020,,62,40,0.03,0,0
3/31/2020,,45,38,0,0,0
4/1/2020,,43,38,0.03,0,0
4/2/2020,,49,35,0,0,0
4/3/2020,,60,31,0,0,0
4/4/2020,,63,31,0,0,0
4/5/2020,,58,33,0.03,0,0
4/6/2020,,58,27,0,0,0
4/7/2020,,61,28,0.03,0,0
4/8/2020,,72,44,0.87,0,0
4/9/2020,,71,37,0.1,0,0
4/10/2020,,48,32,0.08,0.9,0
4/11/2020,,45,26,0,0,0
4/12/2020,,58,26,0.06,0,0
4/13/2020,,61,44,0.18,0,0
4/14/2020,,53,26,0.02,0,0
4/15/2020,,44,22,0,0.1,0
4/16/2020,,39,20,0.13,1.6,0
4/17/2020,,44,21,0,0,0
4/18/2020,,35,28,0.34,5.1,2
4/19/2020,,54,28,0,0,0
4/20/2020,,63,23,0,0,0
4/21/2020,,58,24,0.11,0,0
4/22/2020,,43,22,0,0,0
4/23/2020,,38,26,0.18,0.2,0
4/24/2020,,45,37,0.06,0,0
4/25/2020,,58,35,0,0,0
4/26/2020,,56,37,0,0,0
4/27/2020,,64,29,0,0,0
4/28/2020,,63,31,0.03,0,0
4/29/2020,,71,43,0.11,0,0
4/30/2020,,67,50,0.16,0,0
5/1/2020,,52,42,0.25,0,0
5/2/2020,,66,43,0,0,0
5/3/2020,,79,53,0,0,0
5/4/2020,,73,39,0,0,0
5/5/2020,,59,37,0,0,0
5/6/2020,,51,36,0,0,0
5/7/2020,,61,36,0,0,0
5/8/2020,,65,35,0,0,0
5/9/2020,,46,26,0,0,0
5/10/2020,,52,28,0,0,0
5/11/2020,,62,34,0.47,0,0
5/12/2020,,47,30,0,0,0
5/13/2020,,59,27,0,0,0
5/14/2020,,62,29,0.01,0,0
5/15/2020,,63,47,1.05,0,0
5/16/2020,,71,50,0.03,0,0
5/17/2020,,73,51,0,0,0
5/18/2020,,60,53,0.34,0,0
5/19/2020,,61,54,1.89,0,0
5/20/2020,,66,46,0.02,0,0
5/21/2020,,67,50,0,0,0
5/22/2020,,69,55,0.02,0,0
5/23/2020,,68,56,0.04,0,0
5/24/2020,,75,57,0,0,0
5/25/2020,,86,61,0,0,0
5/26/2020,,88,62,0,0,0
5/27/2020,,90,61,0,0,0
5/28/2020,,83,64,0.01,0,0
5/29/2020,,80,63,0.06,0,0
5/30/2020,,72,53,0.04,0,0
5/31/2020,,70,42,0,0,0
6/1/2020,,65,39,0,0,0
6/2/2020,,73,44,0.1,0,0
6/3/2020,,88,61,0,0,0
6/4/2020,,82,56,0,0,0
6/5/2020,,85,60,0,0,0
6/6/2020,,87,59,0.02,0,0
6/7/2020,,81,48,0,0,0
6/8/2020,,78,50,0,0,0
6/9/2020,,84,53,0,0,0
6/10/2020,,91,56,0.02,0,0
6/11/2020,,90,58,0.56,0,0
6/12/2020,,76,55,0.03,0,0
6/13/2020,,74,48,0,0,0
6/14/2020,,68,41,0,0,0
6/15/2020,,72,44,0,0,0
6/16/2020,,78,50,0,0,0
6/17/2020,,83,50,0,0,0
6/18/2020,,85,53,0,0,0
6/19/2020,,87,57,0,0,0
6/20/2020,,87,59,0,0,0
6/21/2020,,91,62,0,0,0
6/22/2020,,82,67,0.04,0,0
6/23/2020,,86,65,0.11,0,0
6/24/2020,,77,57,0.37,0,0
6/25/2020,,75,52,0.09,0,0
6/26/2020,,80,53,0,0,0
6/27/2020,,84,57,1.64,0,0
6/28/2020,,86,59,0,0,0
6/29/2020,,85,60,0,0,0
6/30/2020,,87,59,0,0,0
7/1/2020,,89,61,0,0,0
7/2/2020,,88,61,0,0,0
7/3/2020,,90,63,0,0,0
7/4/2020,,92,67,0,0,0
7/5/2020,,90,59,0,0,0
7/6/2020,,91,61,0,0,0
7/7/2020,,91,64,0.01,0,0
7/8/2020,,93,66,0,0,0
7/9/2020,,93,67,1.22,0,0
7/10/2020,,93,69,0,0,0
7/11/2020,,83,63,0.68,0,0
7/12/2020,,84,61,0,0,0
7/13/2020,,82,58,0,0,0
7/14/2020,,80,57,0,0,0
7/15/2020,,86,59,0,0,0
7/16/2020,,90,64,0.6,0,0
7/17/2020,,78,63,0.24,0,0
7/18/2020,,87,63,0,0,0
7/19/2020,,91,65,0,0,0
7/20/2020,,85,66,1.28,0,0
7/21/2020,,85,65,0,0,0
7/22/2020,,85,66,0.01,0,0
7/23/2020,,84,67,0,0,0
7/24/2020,,83,58,0,0,0
7/25/2020,,84,58,0,0,0
7/26/2020,,89,60,0,0,0
7/27/2020,,91,65,0,0,0
7/28/2020,,86,63,0,0,0
7/29/2020,,85,64,0,0,0
7/30/2020,,86,64,0.04,0,0
7/31/2020,,84,58,0,0,0
8/1/2020,,85,60,0,0,0
8/2/2020,,79,63,1.89,0,0
8/3/2020,,74,60,0.14,0,0
8/4/2020,,83,63,0,0,0
8/5/2020,,72,52,0.03,0,0
8/6/2020,,76,52,0,0,0
8/7/2020,,79,50,0,0,0
8/8/2020,,82,51,0,0,0
8/9/2020,,83,55,0,0,0
8/10/2020,,89,63,0,0,0
8/11/2020,,90,68,0,0,0
8/12/2020,,83,55,0,0,0
8/13/2020,,86,55,0,0,0
8/14/2020,,86,56,0,0,0
8/15/2020,,86,65,0.01,0,0
8/16/2020,,89,66,0,0,0
8/17/2020,,80,57,0,0,0
8/18/2020,,81,57,0,0,0
8/19/2020,,76,50,0,0,0
8/20/2020,,77,51,0,0,0
8/21/2020,,83,51,0,0,0
8/22/2020,,87,57,0,0,0
8/23/2020,,90,60,0,0,0
8/24/2020,,89,61,0,0,0
8/25/2020,,91,64,0,0,0
8/26/2020,,84,64,0.05,0,0
8/27/2020,,88,66,0.03,0,0
8/28/2020,,93,70,0.04,0,0
8/29/2020,,79,66,2.77,0,0
8/30/2020,,79,52,0,0,0
8/31/2020,,75,53,0,0,0
9/1/2020,,82,55,0,0,0
9/2/2020,,86,59,0.51,0,0
9/3/2020,,79,56,0,0,0
9/4/2020,,83,50,0,0,0
9/5/2020,,74,48,0,0,0
9/6/2020,,79,48,0,0,0
9/7/2020,,74,48,0.42,0,0
9/8/2020,,80,58,0.42,0,0
9/9/2020,,63,56,0.94,0,0
9/10/2020,,68,57,0.01,0,0
9/11/2020,,65,54,0.01,0,0
9/12/2020,,70,53,0,0,0
9/13/2020,,81,54,0.46,0,0
9/14/2020,,75,51,0,0,0
9/15/2020,,67,42,0,0,0
9/16/2020,,71,42,0,0,0
9/17/2020,,78,49,0.02,0,0
9/18/2020,,68,44,0,0,0
9/19/2020,,61,32,0,0,0
9/20/2020,,65,32,0,0,0
9/21/2020,,68,37,0,0,0
9/22/2020,,71,38,0,0,0
9/23/2020,,77,41,0,0,0
9/24/2020,,79,49,0,0,0
9/25/2020,,77,48,0,0,0
9/26/2020,,80,49,0,0,0
9/27/2020,,82,53,0,0,0
9/28/2020,,77,57,0.17,0,0
9/29/2020,,59,43,0.16,0,0
9/30/2020,,64,43,0.02,0,0
10/1/2020,,62,41,0.18,0,0
10/2/2020,,61,37,0.1,0,0
10/3/2020,,55,34,0,0,0
10/4/2020,,56,34,0.03,0,0
10/5/2020,,55,39,0.11,0,0
10/6/2020,,62,39,0,0,0
10/7/2020,,70,45,0,0,0
10/8/2020,,72,36,0,0,0
10/9/2020,,70,36,0,0,0
10/10/2020,,80,36,0,0,0
10/11/2020,,75,50,0,0,0
10/12/2020,,67,51,0,0,0
10/13/2020,,71,39,0.23,0,0
10/14/2020,,69,37,0,0,0
10/15/2020,,63,37,0.02,0,0
10/16/2020,,56,28,0.01,0,0
10/17/2020,,56,28,0,0,0
10/18/2020,,56,29,0.01,0,0
10/19/2020,,62,39,0.19,0,0
10/20/2020,,46,38,0.26,0,0
10/21/2020,,58,38,0.24,0,0
10/22/2020,,59,43,0.64,0,0
10/23/2020,,59,47,0.1,0,0
10/24/2020,,77,36,0.15,0,0
10/25/2020,,50,30,0,0,0
10/26/2020,,46,33,0.02,0,0
10/27/2020,,46,38,0,0,0
10/28/2020,,41,37,0.13,0,0
10/29/2020,,54,38,0,0,0
10/30/2020,,51,35,0,0,0
10/31/2020,,39,23,0,0,0
11/1/2020,,53,25,0.04,0,0
11/2/2020,,44,26,0.02,0,0
11/3/2020,,49,27,0,0,0
11/4/2020,,61,32,0,0,0
11/5/2020,,72,41,0,0,0
11/6/2020,,64,40,0,0,0
11/7/2020,,73,39,0,0,0
11/8/2020,,72,36,0,0,0
11/9/2020,,75,37,0,0,0
11/10/2020,,78,42,0,0,0
11/11/2020,,77,46,0.11,0,0
11/12/2020,,49,25,0,0,0
11/13/2020,,53,25,0.01,0,0
11/14/2020,,46,19,0,0,0
11/15/2020,,47,19,0.52,0,0
11/16/2020,,53,35,0.2,0,0
11/17/2020,,47,32,0.02,0.1,0
11/18/2020,,37,20,0,0,0
11/19/2020,,43,20,0,0,0
11/20/2020,,65,37,0,0,0
11/21/2020,,67,32,0,0,0
11/22/2020,,47,29,0.29,0.8,1
11/23/2020,,35,32,0.32,2.1,1
11/24/2020,,45,21,0,0,0
11/25/2020,,40,22,0.21,0.4,0
11/26/2020,,50,39,0.37,0,0
11/27/2020,,46,38,0,0,0
11/28/2020,,44,27,0,0,0
11/29/2020,,49,28,0,0,0
11/30/2020,,49,30,0.12,0.3,0
12/1/2020,,33,26,0.24,2.7,2
12/2/2020,,35,26,0.02,0.2,1
12/3/2020,,46,26,0,0,0
12/4/2020,,50,26,0,0,0
12/5/2020,,47,28,0,0,0
12/6/2020,,35,19,0,0,0
12/7/2020,,32,27,0,0,0
12/8/2020,,34,19,0,0,0
12/9/2020,,37,25,0,0,0
12/10/2020,,44,23,0,0,0
12/11/2020,,50,22,0,0,0
12/12/2020,,53,29,0.27,0,0
12/13/2020,,54,30,0.32,0,0
12/14/2020,,36,30,0,0,0
12/15/2020,,35,16,0,0,0
12/16/2020,,29,16,0,0,0
12/17/2020,,29,25,0.11,1.3,1
12/18/2020,,31,23,0.05,0.9,2
12/19/2020,,33,21,0,0,1
12/20/2020,,36,30,0.03,0.2,0
12/21/2020,,38,28,0,0,0
12/22/2020,,37,32,0.08,0.2,0
12/23/2020,,39,28,0,0,0
12/24/2020,,51,29,0.11,0.2,0
12/25/2020,,29,17,0.06,1,1
12/26/2020,,24,17,0.07,1.2,2
12/27/2020,,27,18,0,0,1
12/28/2020,,42,21,0.11,0,0
12/29/2020,,34,18,0.02,0.3,0
12/30/2020,,31,16,0.11,1.1,1
12/31/2020,,41,28,0.13,0,0
1/1/2021,,33,17,0,0,0
1/2/2021,,32,24,0.34,0.7,1
1/3/2021,,33,31,0.23,1.6,2
1/4/2021,,36,31,0.06,0.6,2
1/5/2021,,33,30,0.01,0,1
1/6/2021,,34,30,0.03,0.4,2
1/7/2021,,37,31,0,0,1
1/8/2021,,35,27,0,0,0
1/9/2021,,33,19,0,0,0
1/10/2021,,41,17,0,0,0
1/11/2021,,36,17,0,0,0
1/12/2021,,30,24,0,0,0
1/13/2021,,33,26,0,0,0
1/14/2021,,45,29,0.03,0,0
1/15/2021,,44,30,0.05,0,0
1/16/2021,,36,26,0.33,1.8,1
1/17/2021,,34,26,0.01,0.3,1
1/18/2021,,36,29,0.07,0.9,1
1/19/2021,,34,28,0.01,0.2,1
1/20/2021,,32,17,0.06,1.1,2
1/21/2021,,27,19,0,0,1
1/22/2021,,42,23,0,0,0
1/23/2021,,27,11,0.01,0.2,0
1/24/2021,,30,11,0,0,0
1/25/2021,,27,13,0.03,0.5,1
1/26/2021,,31,15,0.11,0.8,1
1/27/2021,,32,16,0.09,0.9,2
1/28/2021,,29,12,0,0,1
1/29/2021,,22,10,0,0,1
1/30/2021,,28,7,0,0,1
1/31/2021,,30,14,0.13,1.4,2
2/1/2021,,30,22,0.01,0.3,2
2/2/2021,,32,18,0,0.1,2
2/3/2021,,33,16,0,0,2
2/4/2021,,37,15,0,0,1
2/5/2021,,35,17,0.39,3.7,5
2/6/2021,,20,13,0.01,0.2,5
2/7/2021,,23,7,0.06,0.6,5
2/8/2021,,18,1,0,0.1,5
2/9/2021,,19,7,0.09,1.6,7
2/10/2021,,25,2,0,0,6
2/11/2021,,20,4,0.04,0.4,6
2/12/2021,,27,6,0.01,0.3,6
2/13/2021,,26,15,0.05,0.6,6
2/14/2021,,24,9,0.05,0.8,7
2/15/2021,,26,10,0.08,1.1,7
2/16/2021,,17,10,0.69,7.4,13
2/17/2021,,21,-10,0.01,0.3,12
2/18/2021,,22,-10,0,0,11
2/19/2021,,28,14,0.1,2,13
2/20/2021,,30,10,0.01,0.2,12
2/21/2021,,32,-1,0,0,11
2/22/2021,,36,0,0.22,2.1,12
2/23/2021,,38,29,0,0.1,11
2/24/2021,,49,32,0,0,7
2/25/2021,,53,16,0,0,4
2/26/2021,,42,13,0,0,3
2/27/2021,,44,14,0.1,0,2
2/28/2021,,51,29,0,0,1
3/1/2021,,59,31,0.05,0,0
3/2/2021,,38,11,0,0,0
3/3/2021,,38,12,0,0,0
3/4/2021,,56,28,0,0,0
3/5/2021,,34,19,0,0,0
3/6/2021,,42,21,0,0,0
3/7/2021,,41,19,0,0,0
3/8/2021,,43,19,0,0,0
3/9/2021,,66,29,0,0,0
3/10/2021,,60,29,0,0,0
3/11/2021,,69,45,0,0,0
3/12/2021,,70,34,0,0,0
3/13/2021,,57,16,0,0,0
3/14/2021,,54,17,0,0,0
3/15/2021,,49,20,0,0,0
3/16/2021,,38,20,0.01,0.1,0
3/17/2021,,53,25,0,0,0
3/18/2021,,61,25,0,0,0
3/19/2021,,43,25,0.03,0,0
3/20/2021,,49,17,0,0,0
3/21/2021,,59,17,0,0,0
3/22/2021,,66,21,0,0,0
3/23/2021,,71,28,0,0,0
3/24/2021,,71,46,0.02,0,0
3/25/2021,,70,40,0,0,0
3/26/2021,,65,38,1.14,0,0
3/27/2021,,58,37,0,0,0
3/28/2021,,59,39,0.6,0,0
3/29/2021,,48,26,0.05,0,0
3/30/2021,,52,26,0,0,0
3/31/2021,,70,39,0.11,0,0
4/1/2021,,49,24,0,0,0
4/2/2021,,36,19,0,0,0
4/3/2021,,47,20,0,0,0
4/4/2021,,64,31,0,0,0
4/5/2021,,69,34,0,0,0
4/6/2021,,57,36,0.29,0,0
4/7/2021,,79,37,0,0,0
4/8/2021,,82,50,0,0,0
4/9/2021,,76,53,0.29,0,0
4/10/2021,,74,44,0,0,0
4/11/2021,,73,45,0.91,0,0
4/12/2021,,59,46,0.47,0,0
4/13/2021,,63,36,0.01,0,0
4/14/2021,,65,31,0,0,0
4/15/2021,,56,32,0,0,0
4/16/2021,,50,36,0.08,0,0
4/17/2021,,55,34,0,0,0
4/18/2021,,61,35,0,0,0
4/19/2021,,61,38,0,0,0
4/20/2021,,64,36,0,0,0
4/21/2021,,38,26,0.34,2.5,1
4/22/2021,,43,22,0,0,0
4/23/2021,,50,25,0,0,0
4/24/2021,,62,31,0,0,0
4/25/2021,,57,40,0.04,0,0
4/26/2021,,54,31,0,0,0
4/27/2021,,56,35,0,0,0
4/28/2021,,82,41,0,0,0
4/29/2021,,79,49,0.08,0,0
4/30/2021,,51,41,0.17,0,0
5/1/2021,,56,27,0.05,0,0
5/2/2021,,67,28,0,0,0
5/3/2021,,82,55,0.18,0,0
5/4/2021,,61,56,0.18,0,0
5/5/2021,,62,41,0.01,0,0
5/6/2021,,57,32,0,0,0
5/7/2021,,55,37,0.18,0,0
5/8/2021,,58,36,0.06,0,0
5/9/2021,,58,37,0,0,0
5/10/2021,,49,33,0.23,0,0
5/11/2021,,57,35,0,0,0
5/12/2021,,55,35,0,0,0
5/13/2021,,65,33,0,0,0
5/14/2021,,70,36,0,0,0
5/15/2021,,73,38,0,0,0
5/16/2021,,74,42,0.13,0,0
5/17/2021,,73,44,0.01,0,0
5/18/2021,,77,44,0,0,0
5/19/2021,,79,47,0,0,0
5/20/2021,,84,54,0,0,0
5/21/2021,,87,56,0,0,0
5/22/2021,,87,58,0,0,0
5/23/2021,,86,64,0,0,0
5/24/2021,,87,55,0.37,0,0
5/25/2021,,83,57,0,0,0
5/26/2021,,87,65,0.02,0,0
5/27/2021,,76,46,0.31,0,0
5/28/2021,,68,42,0.27,0,0
5/29/2021,,45,37,0.55,0,0
5/30/2021,,64,34,0,0,0
5/31/2021,,72,38,0,0,0
6/1/2021,,74,47,0,0,0
6/2/2021,,77,50,0,0,0
6/3/2021,,68,55,0.48,0,0
6/4/2021,,81,58,0,0,0
6/5/2021,,86,60,0,0,0
6/6/2021,,86,61,0,0,0
6/7/2021,,89,65,0,0,0
6/8/2021,,83,67,0,0,0
6/9/2021,,86,65,0.05,0,0
6/10/2021,,89,65,0,0,0
6/11/2021,,89,61,0,0,0
6/12/2021,,89,65,0.02,0,0
6/13/2021,,88,66,0.12,0,0
6/14/2021,,82,59,0,0,0
6/15/2021,,78,57,0,0,0
6/16/2021,,75,44,0,0,0
6/17/2021,,76,47,0,0,0
6/18/2021,,85,50,0.18,0,0
6/19/2021,,82,62,0.3,0,0
6/20/2021,,78,60,0.18,0,0
6/21/2021,,86,63,1.16,0,0
6/22/2021,,77,40,0,0,0
6/23/2021,,69,45,0,0,0
6/24/2021,,75,51,0.02,0,0
6/25/2021,,80,59,0.01,0,0
6/26/2021,,73,69,5.33,0,0
6/27/2021,,84,72,0,0,0
6/28/2021,,87,71,0.27,0,0
6/29/2021,,89,68,0.11,0,0
6/30/2021,,89,69,1.15,0,0
7/1/2021,,83,65,0.07,0,0
7/2/2021,,80,55,0,0,0
7/3/2021,,76,51,0,0,0
7/4/2021,,81,55,0,0,0
7/5/2021,,89,66,0,0,0
7/6/2021,,89,69,0,0,0
7/7/2021,,91,68,0,0,0
7/8/2021,,87,67,0.01,0,0
7/9/2021,,82,59,0.08,0,0
7/10/2021,,77,54,0,0,0
7/11/2021,,79,57,0.08,0,0
7/12/2021,,68,64,0.27,0,0
7/13/2021,,73,64,0.02,0,0
7/14/2021,,83,63,0.54,0,0
7/15/2021,,84,66,0.01,0,0
7/16/2021,,85,67,0.03,0,0
7/17/2021,,68,64,1.89,0,0
7/18/2021,,81,56,0.01,0,0
7/19/2021,,83,58,0,0,0
7/20/2021,,84,64,0,0,0
7/21/2021,,84,59,0.34,0,0
7/22/2021,,77,52,0,0,0
7/23/2021,,80,57,0,0,0
7/24/2021,,77,65,0.07,0,0
7/25/2021,,85,69,0.08,0,0
7/26/2021,,87,60,0,0,0
7/27/2021,,88,61,0,0,0
7/28/2021,,87,63,0,0,0
7/29/2021,,87,64,0.02,0,0
7/30/2021,,86,60,0,0,0
7/31/2021,,77,53,0,0,0
8/1/2021,,79,54,0.09,0,0
8/2/2021,,75,51,0,0,0
8/3/2021,,77,54,0,0,0
8/4/2021,,81,53,0,0,0
8/5/2021,,83,54,0.3,0,0
8/6/2021,,85,58,0,0,0
8/7/2021,,82,59,0.16,0,0
8/8/2021,,82,66,0.02,0,0
8/9/2021,,86,68,0,0,0
8/10/2021,,85,69,0.16,0,0
8/11/2021,,89,69,0.01,0,0
8/12/2021,,85,67,3.53,0,0
8/13/2021,,86,67,0.04,0,0
8/14/2021,,81,57,0,0,0
8/15/2021,,78,52,0,0,0
8/16/2021,,78,52,0,0,0
8/17/2021,,78,58,0,0,0
8/18/2021,,85,60,0,0,0
8/19/2021,,85,64,0,0,0
8/20/2021,,88,63,0,0,0
8/21/2021,,89,63,0,0,0
8/22/2021,,89,64,0,0,0
8/23/2021,,91,67,0.07,0,0
8/24/2021,,85,64,0,0,0
8/25/2021,,91,65,0.02,0,0
8/26/2021,,90,70,0,0,0
8/27/2021,,90,72,0,0,0
8/28/2021,,88,70,0,0,0
8/29/2021,,91,68,0,0,0
8/30/2021,,91,66,0.38,0,0
8/31/2021,,84,57,0,0,0
9/1/2021,,81,58,0,0,0
9/2/2021,,78,50,0,0,0
9/3/2021,,77,47,0,0,0
9/4/2021,,77,47,0,0,0
9/5/2021,,80,60,0.02,0,0
9/6/2021,,80,56,0.08,0,0
9/7/2021,,76,49,0,0,0
9/8/2021,,87,49,0.64,0,0
9/9/2021,,78,50,0,0,0
9/10/2021,,71,47,0,0,0
9/11/2021,,76,50,0,0,0
9/12/2021,,81,53,0,0,0
9/13/2021,,83,64,0,0,0
9/14/2021,,74,63,0,0,0
9/15/2021,,86,60,0.41,0,0
9/16/2021,,74,52,0,0,0
9/17/2021,,79,52,0,0,0
9/18/2021,,86,54,0,0,0
9/19/2021,,80,52,0,0,0
9/20/2021,,83,52,0,0,0
9/21/2021,,81,61,0.18,0,0
9/22/2021,,80,54,2.86,0,0
9/23/2021,,56,48,1.67,0,0
9/24/2021,,51,45,0.21,0,0
9/25/2021,,73,45,0.04,0,0
9/26/2021,,64,42,0.26,0,0
9/27/2021,,77,44,0,0,0
9/28/2021,,81,53,0,0,0
9/29/2021,,71,46,0,0,0
9/30/2021,,74,42,0,0,0
10/1/2021,,74,42,0,0,0
10/2/2021,,77,44,0,0,0
10/3/2021,,76,48,0.51,0,0
10/4/2021,,75,63,0.09,0,0
10/5/2021,,74,63,0.11,0,0
10/6/2021,,67,57,0.01,0,0
10/7/2021,,68,58,0,0,0
10/8/2021,,72,63,0.12,0,0
10/9/2021,,76,56,0.06,0,0
10/10/2021,,77,56,0,0,0
10/11/2021,,78,61,0.05,0,0
10/12/2021,,81,62,0,0,0
10/13/2021,,67,56,0,0,0
10/14/2021,,75,59,0,0,0
10/15/2021,,81,58,0.32,0,0
10/16/2021,,60,47,0.5,0,0
10/17/2021,,57,41,0,0,0
10/18/2021,,63,38,0,0,0
10/19/2021,,67,38,0,0,0
10/20/2021,,73,40,0,0,0
10/21/2021,,72,43,0.38,0,0
10/22/2021,,64,37,0.03,0,0
10/23/2021,,50,36,0.03,0,0
10/24/2021,,57,29,0,0,0
10/25/2021,,49,30,1.5,0,0
10/26/2021,,49,42,0.54,0,0
10/27/2021,,50,32,0,0,0
10/28/2021,,51,43,0.02,0,0
10/29/2021,,62,46,0.39,0,0
10/30/2021,,56,47,0.73,0,0
10/31/2021,,54,44,0.02,0,0
11/1/2021,,58,30,0.02,0,0
11/2/2021,,48,31,0,0,0
11/3/2021,,45,26,0,0,0
11/4/2021,,47,26,0.01,0,0
11/5/2021,,47,24,0,0,0
11/6/2021,,52,24,0,0,0
11/7/2021,,56,24,0,0,0
11/8/2021,,56,30,0,0,0
11/9/2021,,67,39,0,0,0
11/10/2021,,57,29,0,0,0
11/11/2021,,56,29,0,0,0
11/12/2021,,67,35,0.06,0,0
11/13/2021,,51,33,0.01,0,0
11/14/2021,,42,34,0.04,0,0
11/15/2021,,35,31,0.32,2.7,1
11/16/2021,,38,23,0,0,0
11/17/2021,,51,23,0,0,0
11/18/2021,,61,38,0.13,0,0
11/19/2021,,43,29,0.02,0.5,0
11/20/2021,,44,29,0,0,0
11/21/2021,,38,26,0.02,0,0
11/22/2021,,42,27,0.18,0,0
11/23/2021,,38,16,0,0,0
11/24/2021,,40,17,0,0,0
11/25/2021,,50,31,0.19,0,0
11/26/2021,,45,26,0.21,0,0
11/27/2021,,29,20,0,0,0
11/28/2021,,31,24,0.47,4.4,4
11/29/2021,,38,21,0.02,0.3,3
11/30/2021,,39,20,0.24,2.8,5
12/1/2021,,41,27,0,0,3
12/2/2021,,45,28,0.01,0,0
12/3/2021,,54,31,0,0,0
12/4/2021,,36,31,0.04,0.6,0
12/5/2021,,45,32,0,0,0
12/6/2021,,46,33,0.61,0,0
12/7/2021,,40,17,0.05,0.9,1
12/8/2021,,25,17,0.01,0.3,0
12/9/2021,,31,22,0,0,0
12/10/2021,,38,26,0,0,0
12/11/2021,,57,31,1.14,0,0
12/12/2021,,60,29,0.02,0.1,0
12/13/2021,,47,29,0,0,0
12/14/2021,,50,24,0,0,0
12/15/2021,,49,24,0.14,0,0
12/16/2021,,57,41,0,0,0
12/17/2021,,60,29,0,0,0
12/18/2021,,42,28,0.12,0,0
12/19/2021,,33,28,0.24,0.1,0
12/20/2021,,29,25,0,0,0
12/21/2021,,41,22,0,0,0
12/22/2021,,38,21,0,0,0
12/23/2021,,28,21,0,0,0
12/24/2021,,39,23,0.01,0,0
12/25/2021,,52,31,0.35,0,0
12/26/2021,,51,24,0,0,0
12/27/2021,,39,25,0.25,1,1
12/28/2021,,40,32,0.04,0,0
12/29/2021,,34,31,0.27,2.1,2
12/30/2021,,37,29,0.01,0,0
12/31/2021,,37,29,0.02,0,0
1/1/2022,,43,37,0.01,0,0
1/2/2022,,37,22,0.29,2.5,3
1/3/2022,,24,3,0.01,0.2,2
1/4/2022,,28,3,0,0,2
1/5/2022,,35,15,0,0,2
1/6/2022,,36,12,0.01,0.3,2
1/7/2022,,23,9,0.02,0.5,2
1/8/2022,,23,4,0,0,2
1/9/2022,,36,9,0.03,0,1
1/10/2022,,36,14,0,0,1
1/11/2022,,21,2,0,0,1
1/12/2022,,32,2,0,0,1
1/13/2022,,40,25,0.01,0,0
1/14/2022,,38,28,0,0,0
1/15/2022,,30,11,0,0,0
1/16/2022,,22,7,0,0,0
1/17/2022,,35,10,0,0,0
1/18/2022,,29,21,0,0.1,0
1/19/2022,,41,26,0,0,0
1/20/2022,,41,16,0,0,0
1/21/2022,,20,4,0,0,0
1/22/2022,,25,4,0,0,0
1/23/2022,,26,11,0.05,1,1
1/24/2022,,22,2,0.11,1.2,2
1/25/2022,,24,6,0.17,2.6,4
1/26/2022,,22,3,0.01,0.2,4
1/27/2022,,21,1,0,0,3
1/28/2022,,29,7,0.02,0.5,3
1/29/2022,,23,-6,0,0,3
1/30/2022,,21,-6,0.01,0.2,3
1/31/2022,,26,4,0.02,0.5,3
2/1/2022,,32,4,0,0,3
2/2/2022,,46,23,0.18,0.1,0
2/3/2022,,33,17,0.77,6,6
2/4/2022,,21,4,0.15,1.5,7
2/5/2022,,21,5,0.02,0.5,7
2/6/2022,,23,10,0,0,6
2/7/2022,,31,11,0,0,6
2/8/2022,,22,18,0,0.1,6
2/9/2022,,29,20,0,0,5
2/10/2022,,45,29,0.02,0.3,4
2/11/2022,,33,27,0.03,0.3,4
2/12/2022,,36,20,0.14,0.3,3
2/13/2022,,22,15,0,0.1,3
2/14/2022,,23,0,0.05,1,4
2/15/2022,,23,3,0,0,4
2/16/2022,,40,7,0,0,4
2/17/2022,,49,40,0.61,0,0
2/18/2022,,44,10,0.76,5.4,5
2/19/2022,,29,10,0.07,1.1,4
2/20/2022,,23,10,0,0,4
2/21/2022,,45,17,0,0,2
2/22/2022,,51,25,0.05,0,0
2/23/2022,,52,25,0.12,0,0
2/24/2022,,27,17,0,0.1,0
2/25/2022,,30,17,0.15,1.2,1
2/26/2022,,27,17,0.01,0.4,1
2/27/2022,,33,19,0,0,0
2/28/2022,,42,19,0,0,0
3/1/2022,,36,20,0,0,0
3/2/2022,,50,21,0,0,0
3/3/2022,,43,18,0.04,0.1,0
3/4/2022,,32,14,0,0,0
3/5/2022,,40,16,0,0,0
3/6/2022,,60,31,0.03,0,0
3/7/2022,,58,32,0.5,0,0
3/8/2022,,35,27,0.15,0.3,0
3/9/2022,,40,22,0,0,0
3/10/2022,,48,22,0,0,0
3/11/2022,,42,24,0.1,1.3,1
3/12/2022,,33,12,0.05,1.3,0
3/13/2022,,23,12,0,0,0
3/14/2022,,45,17,0.07,1.8,0
3/15/2022,,57,31,0,0,0
3/16/2022,,55,26,0,0,0
3/17/2022,,68,26,0,0,0
3/18/2022,,73,34,0,0,0
3/19/2022,,57,43,0.78,0,0
3/20/2022,,49,37,0.23,0,0
3/21/2022,,58,29,0,0,0
3/22/2022,,65,29,0,0,0
3/23/2022,,45,36,0.4,0,0
3/24/2022,,51,38,0.72,0,0
3/25/2022,,48,35,0.04,0,0
3/26/2022,,48,33,0.06,0.1,0
3/27/2022,,35,22,0.04,1,0
3/28/2022,,31,15,0.01,0.2,0
3/29/2022,,32,14,0,0,0
3/30/2022,,42,14,0.17,0.1,0
3/31/2022,,64,33,0.03,0,0
4/1/2022,,58,32,0,0,0
4/2/2022,,38,20,0.01,0.2,0
4/3/2022,,47,20,0.18,1.3,1
4/4/2022,,46,30,0,0,0
4/5/2022,,42,32,0.28,0.9,0
4/6/2022,,59,35,0,0,0
4/7/2022,,53,39,0.28,0,0
4/8/2022,,48,36,0,0,0
4/9/2022,,49,31,0.04,0,0
4/10/2022,,42,27,0,0,0
4/11/2022,,58,28,0.03,0,0
4/12/2022,,72,32,0.01,0,0
4/13/2022,,67,32,0,0,0
4/14/2022,,70,41,0.23,0,0
4/15/2022,,56,40,0,0,0
4/16/2022,,50,33,0.29,0,0
4/17/2022,,48,25,0,0,0
4/18/2022,,47,27,0,0,0
4/19/2022,,38,32,0.36,2,0
4/20/2022,,46,23,0,0,0
4/21/2022,,52,25,0.1,0,0
4/22/2022,,66,35,0.01,0,0
4/23/2022,,54,36,1.11,0,0
4/24/2022,,81,42,0,0,0
4/25/2022,,82,56,0.19,0,0
4/26/2022,,59,35,0.06,0,0
4/27/2022,,45,30,0.01,0,0
4/28/2022,,44,24,0,0,0
4/29/2022,,55,25,0,0,0
4/30/2022,,60,34,0,0,0
5/1/2022,,61,42,0.35,0,0
5/2/2022,,66,49,0.01,0,0
5/3/2022,,54,45,0,0,0
5/4/2022,,53,46,0.66,0,0
5/5/2022,,60,34,0,0,0
5/6/2022,,61,37,0.14,0,0
5/7/2022,,59,47,0.1,0,0
5/8/2022,,68,33,0,0,0
5/9/2022,,66,37,0,0,0
5/10/2022,,73,48,0,0,0
5/11/2022,,84,57,0,0,0
5/12/2022,,81,49,0,0,0
5/13/2022,,87,50,0,0,0
5/14/2022,,86,52,0,0,0
5/15/2022,,85,53,0.21,0,0
5/16/2022,,86,52,0.38,0,0
5/17/2022,,76,48,0,0,0
5/18/2022,,67,46,0,0,0
5/19/2022,,58,49,0.44,0,0
5/20/2022,,79,56,0,0,0
5/21/2022,,85,65,0,0,0
5/22/2022,,73,56,0.13,0,0
5/23/2022,,66,44,0,0,0
5/24/2022,,62,39,0,0,0
5/25/2022,,71,44,0,0,0
5/26/2022,,72,53,0.39,0,0
5/27/2022,,75,61,0.08,0,0
5/28/2022,,78,56,0.68,0,0
5/29/2022,,75,54,0,0,0
5/30/2022,,82,58,0,0,0
5/31/2022,,88,63,0,0,0
6/1/2022,,90,66,0,0,0
6/2/2022,,80,52,0.17,0,0
6/3/2022,,75,48,0,0,0
6/4/2022,,79,43,0,0,0
6/5/2022,,74,48,0,0,0
6/6/2022,,76,53,0,0,0
6/7/2022,,80,55,2.29,0,0
6/8/2022,,72,47,0,0,0
6/9/2022,,72,51,0.51,0,0
6/10/2022,,74,48,0,0,0
6/11/2022,,77,52,0.05,0,0
6/12/2022,,77,56,0,0,0
6/13/2022,,83,57,0,0,0
6/14/2022,,84,59,0.52,0,0
6/15/2022,,83,62,0,0,0
6/16/2022,,94,65,0,0,0
6/17/2022,,89,64,0.17,0,0
6/18/2022,,81,48,0,0,0
6/19/2022,,72,43,0,0,0
6/20/2022,,78,48,0.05,0,0
6/21/2022,,85,58,0,0,0
6/22/2022,,94,67,0,0,0
6/23/2022,,88,57,0,0,0
6/24/2022,,82,53,0,0,0
6/25/2022,,88,57,0,0,0
6/26/2022,,89,61,0.04,0,0
6/27/2022,,83,56,0,0,0
6/28/2022,,74,44,0,0,0
6/29/2022,,80,48,0,0,0
6/30/2022,,85,59,0,0,0
7/1/2022,,89,61,0,0,0
7/2/2022,,83,52,0.19,0,0
7/3/2022,,82,55,0,0,0
7/4/2022,,85,58,0,0,0
7/5/2022,,89,61,0.37,0,0
7/6/2022,,87,67,0.25,0,0
7/7/2022,,77,57,0.14,0,0
7/8/2022,,84,60,0,0,0
7/9/2022,,83,52,2.33,0,0
7/10/2022,,80,50,0,0,0
7/11/2022,,82,53,0,0,0
7/12/2022,,83,61,0.02,0,0
7/13/2022,,80,57,0,0,0
7/14/2022,,77,55,0.37,0,0
7/15/2022,,81,53,0,0,0
7/16/2022,,80,56,0.11,0,0
7/17/2022,,84,64,0,0,0
7/18/2022,,80,67,0.02,0,0
7/19/2022,,86,65,0,0,0
7/20/2022,,90,68,0,0,0
7/21/2022,,90,69,0.01,0,0
7/22/2022,,87,65,0.11,0,0
7/23/2022,,87,67,0.04,0,0
7/24/2022,,86,68,0.23,0,0
7/25/2022,,86,62,0,0,0
7/26/2022,,78,56,0,0,0
7/27/2022,,82,59,0,0,0
7/28/2022,,82,63,0.04,0,0
7/29/2022,,82,55,0,0,0
7/30/2022,,81,55,0,0,0
7/31/2022,,83,58,0,0,0
8/1/2022,,86,59,0,0,0
8/2/2022,,85,63,0,0,0
8/3/2022,,83,64,0,0,0
8/4/2022,,93,66,0.55,0,0
8/5/2022,,84,68,0.23,0,0
8/6/2022,,88,69,0,0,0
8/7/2022,,90,70,0,0,0
8/8/2022,,91,72,0.03,0,0
8/9/2022,,87,64,0.03,0,0
8/10/2022,,78,57,0,0,0
8/11/2022,,83,57,0,0,0
8/12/2022,,80,48,0,0,0
8/13/2022,,80,50,0,0,0
8/14/2022,,71,56,0.08,0,0
8/15/2022,,71,59,0,0,0
8/16/2022,,82,56,0,0,0
8/17/2022,,83,56,0,0,0
8/18/2022,,82,55,0.2,0,0
8/19/2022,,82,55,0,0,0
8/20/2022,,85,55,0,0,0
8/21/2022,,82,62,1.57,0,0
8/22/2022,,79,63,0.01,0,0
8/23/2022,,80,56,0,0,0
8/24/2022,,81,57,0,0,0
8/25/2022,,85,58,0,0,0
8/26/2022,,83,60,0,0,0
8/27/2022,,76,53,0,0,0
8/28/2022,,81,53,0,0,0
8/29/2022,,87,56,0.01,0,0
8/30/2022,,87,66,0.22,0,0
8/31/2022,,79,56,0,0,0
9/1/2022,,81,57,0,0,0
9/2/2022,,85,57,0,0,0
9/3/2022,,86,60,0,0,0
9/4/2022,,87,64,0,0,0
9/5/2022,,69,62,0.02,0,0
9/6/2022,,73,62,0,0,0
9/7/2022,,77,51,0,0,0
9/8/2022,,78,49,0,0,0
9/9/2022,,83,49,0,0,0
9/10/2022,,85,49,0,0,0
9/11/2022,,88,59,0.09,0,0
9/12/2022,,76,59,0.23,0,0
9/13/2022,,67,51,0,0,0
9/14/2022,,74,54,0,0,0
9/15/2022,,81,54,0,0,0
9/16/2022,,76,52,0,0,0
9/17/2022,,81,53,0,0,0
9/18/2022,,85,54,0,0,0
9/19/2022,,84,64,0.19,0,0
9/20/2022,,80,52,0,0,0
9/21/2022,,77,52,0.58,0,0
9/22/2022,,86,54,0.01,0,0
9/23/2022,,63,40,0,0,0
9/24/2022,,67,40,0.01,0,0
9/25/2022,,68,51,0.14,0,0
9/26/2022,,64,49,0.13,0,0
9/27/2022,,61,47,0.04,0,0
9/28/2022,,61,48,0.01,0,0
9/29/2022,,59,40,0,0,0
9/30/2022,,64,36,0,0,0
10/1/2022,,69,37,0,0,0
10/2/2022,,70,43,0,0,0
10/3/2022,,66,33,0,0,0
10/4/2022,,67,34,0,0,0
10/5/2022,,72,36,0,0,0
10/6/2022,,76,43,0,0,0
10/7/2022,,76,43,0.02,0,0
10/8/2022,,51,29,0,0,0
10/9/2022,,56,28,0,0,0
10/10/2022,,68,33,0.01,0,0
10/11/2022,,70,41,0,0,0
10/12/2022,,77,45,0.04,0,0
10/13/2022,,71,45,0.14,0,0
10/14/2022,,59,31,0.02,0,0
10/15/2022,,60,34,0.05,0,0
10/16/2022,,55,31,0,0,0
10/17/2022,,60,38,0.02,0,0
10/18/2022,,44,38,0.12,0,0
10/19/2022,,42,37,0.12,0,0
10/20/2022,,47,33,0.03,0,0
10/21/2022,,47,29,0.03,0,0
10/22/2022,,70,35,0,0,0
10/23/2022,,78,42,0,0,0
10/24/2022,,78,42,0,0,0
10/25/2022,,78,43,0,0,0
10/26/2022,,76,43,0.22,0,0
10/27/2022,,58,32,0,0,0
10/28/2022,,56,30,0,0,0
10/29/2022,,61,29,0,0,0
10/30/2022,,66,33,0,0,0
10/31/2022,,60,39,0.04,0,0
11/1/2022,,62,52,0.26,0,0
11/2/2022,,69,36,0,0,0
11/3/2022,,69,35,0,0,0
11/4/2022,,70,42,0,0,0
11/5/2022,,73,49,0,0,0
11/6/2022,,71,40,0.04,0,0
11/7/2022,,66,42,0,0,0
11/8/2022,,58,31,0,0,0
11/9/2022,,55,31,0,0,0
11/10/2022,,68,34,0,0,0
11/11/2022,,74,42,0,0,0
11/12/2022,,63,34,0,0,0
11/13/2022,,39,30,0.08,0.4,0
11/14/2022,,40,29,0,0,0
11/15/2022,,41,31,0,0,0
11/16/2022,,37,32,0.1,0.8,0
11/17/2022,,39,24,0,0,0
11/18/2022,,34,25,0.04,1,1
11/19/2022,,33,20,0,0,0
11/20/2022,,29,13,0.1,1.8,2
11/21/2022,,27,13,0,0,1
11/22/2022,,45,18,0,0,0
11/23/2022,,53,19,0,0,0
11/24/2022,,57,21,0,0,0
11/25/2022,,56,23,0.05,0,0
11/26/2022,,51,26,0,0,0
11/27/2022,,56,28,0.19,0,0
11/28/2022,,42,33,0.49,0,0
11/29/2022,,46,35,0,0,0
11/30/2022,,53,36,0.15,0,0
12/1/2022,,36,26,0,0,0
12/2/2022,,39,26,0,0,0
12/3/2022,,53,33,0.12,0,0
12/4/2022,,47,17,0,0,0
12/5/2022,,39,17,0,0,0
12/6/2022,,45,23,0,0,0
12/7/2022,,46,38,0.01,0,0
12/8/2022,,47,36,0,0,0
12/9/2022,,40,27,0,0,0
12/10/2022,,36,30,0,0,0
12/11/2022,,36,31,0,0,0
12/12/2022,,40,32,0,0,0
12/13/2022,,38,28,0,0,0
12/14/2022,,36,29,0,0,0
12/15/2022,,44,32,0.6,0,0
12/16/2022,,44,32,0,0,0
12/17/2022,,34,26,0.03,0.4,0
12/18/2022,,30,23,0.03,0.8,1
12/19/2022,,28,21,0,0.1,0
12/20/2022,,26,23,0,0,0
12/21/2022,,35,21,0,0,0
12/22/2022,,33,20,0,0,0
12/23/2022,,40,7,0.29,0.9,1
12/24/2022,,7,-1,0.08,1,2
12/25/2022,,18,1,0.08,2.1,3
12/26/2022,,16,11,0.03,1.4,3
12/27/2022,,22,14,0,0.1,3
12/28/2022,,30,20,0,0,2
12/29/2022,,40,28,0,0,1
12/30/2022,,52,38,0,0,0
12/31/2022,,53,41,0.92,0,0
1/1/2023,,42,34,0.05,0,0
1/2/2023,,46,35,0.12,0,0
1/3/2023,,43,36,0.26,0,0
1/4/2023,,50,39,0.25,0,0
1/5/2023,,58,35,0.13,0,0
1/6/2023,,40,32,0.08,0.2,0
1/7/2023,,36,31,0.03,0.2,0
1/8/2023,,33,28,0,0.1,0
1/9/2023,,32,23,0,0,0
1/10/2023,,43,25,0,0,0
1/11/2023,,41,27,0,0,0
1/12/2023,,48,31,0,0,0
1/13/2023,,43,28,0,0.1,0
1/14/2023,,28,18,0,0,0
1/15/2023,,32,14,0,0,0
1/16/2023,,38,14,0,0,0
1/17/2023,,43,24,0.31,0,0
1/18/2023,,46,37,0.01,0,0
1/19/2023,,41,35,0.37,0,0
1/20/2023,,46,34,0.39,0,0
1/21/2023,,37,31,0,0,0
1/22/2023,,33,29,0,0,0
1/23/2023,,34,28,0.18,2.4,2
1/24/2023,,33,26,0,0,2
1/25/2023,,41,26,0.1,1.5,2
1/26/2023,,33,28,0.58,7.2,9
1/27/2023,,34,20,0.06,0.9,8
1/28/2023,,36,20,0.06,1.1,7
1/29/2023,,31,23,0.04,0.2,6
1/30/2023,,32,24,0.04,0.4,6
1/31/2023,,27,0,0.01,0.2,5
2/1/2023,,22,-1,0,0,5
2/2/2023,,27,5,0,0,5
2/3/2023,,37,6,0,0.1,4
2/4/2023,,17,0,0,0,4
2/5/2023,,36,13,0,0,4
2/6/2023,,44,27,0,0,3
2/7/2023,,35,27,0,0,2
2/8/2023,,52,27,0,0,0
2/9/2023,,46,27,0.42,0,0
2/10/2023,,58,36,0.37,0,0
2/11/2023,,44,16,0,0,0
2/12/2023,,45,16,0,0,0
2/13/2023,,55,21,0,0,0
2/14/2023,,52,22,0,0,0
2/15/2023,,54,22,0.03,0,0
2/16/2023,,58,37,0,0,0
2/17/2023,,40,20,0.24,0.3,0
2/18/2023,,25,15,0,0.1,0
2/19/2023,,46,21,0,0,0
2/20/2023,,53,32,0,0,0
2/21/2023,,47,26,0,0,0
2/22/2023,,39,28,0,0,0
2/23/2023,,32,29,1.12,0.2,0
2/24/2023,,44,23,0,0,0
2/25/2023,,34,20,0.07,1.5,2
2/26/2023,,37,23,0,0,0
2/27/2023,,50,23,0,0,0
2/28/2023,,37,31,0.99,0.1,0
3/1/2023,,49,30,0.03,0,0
3/2/2023,,56,28,0,0,0
3/3/2023,,42,29,0,0,0
3/4/2023,,37,28,1.64,8.4,8
3/5/2023,,45,28,0.01,0,6
3/6/2023,,51,32,0.09,0.3,4
3/7/2023,,45,29,0.59,1,4
3/8/2023,,44,22,0,0,3
3/9/2023,,45,26,0,0,2
3/10/2023,,46,29,0.31,3.7,4
3/11/2023,,37,27,0.13,1.8,4
3/12/2023,,44,26,0,0,1
3/13/2023,,34,25,0.1,2,2
3/14/2023,,34,18,0.13,2,3
3/15/2023,,35,18,0,0,1
3/16/2023,,47,17,0,0,0
3/17/2023,,56,30,0.19,0,0
3/18/2023,,49,24,0.02,0,0
3/19/2023,,27,18,0.03,0.8,0
3/20/2023,,41,18,0,0,0
3/21/2023,,50,24,0,0,0
3/22/2023,,57,30,0,0,0
3/23/2023,,49,40,0.16,0,0
3/24/2023,,50,32,0.16,0,0
3/25/2023,,47,32,0.11,0,0
3/26/2023,,48,27,0.24,0.1,0
3/27/2023,,56,27,0.27,0,0
3/28/2023,,46,24,0.01,0,0
3/29/2023,,51,24,0,0,0
3/30/2023,,45,14,0.02,0.2,0
3/31/2023,,48,15,0.11,0,0
4/1/2023,,59,38,0.96,0,0
4/2/2023,,51,23,0.26,0,0
4/3/2023,,48,23,0,0,0
4/4/2023,,65,37,0.21,0,0
4/5/2023,,60,44,0.15,0,0
4/6/2023,,76,36,0.08,0,0
4/7/2023,,52,29,0,0,0
4/8/2023,,52,25,0,0,0
4/9/2023,,54,26,0,0,0
4/10/2023,,64,27,0,0,0
4/11/2023,,68,31,0,0,0
4/12/2023,,76,49,0,0,0
4/13/2023,,81,51,0,0,0
4/14/2023,,83,43,0,0,0
4/15/2023,,84,43,0,0,0
4/16/2023,,84,52,0,0,0
4/17/2023,,73,35,0.12,0,0
4/18/2023,,41,32,0.06,0.3,0
4/19/2023,,50,29,0,0,0
4/20/2023,,57,31,0,0,0
4/21/2023,,70,42,0.04,0,0
4/22/2023,,58,43,0.19,0,0
4/23/2023,,55,31,0.06,0,0
4/24/2023,,50,31,0,0,0
4/25/2023,,49,25,0,0,0
4/26/2023,,43,26,0.08,0,0
4/27/2023,,55,28,0,0,0
4/28/2023,,60,31,0.01,0,0
4/29/2023,,53,44,0.62,0,0
4/30/2023,,64,39,0.47,0,0
5/1/2023,,54,37,0.07,0,0
5/2/2023,,49,35,0.16,0,0
5/3/2023,,44,37,0.05,0,0
5/4/2023,,53,36,0.01,0,0
5/5/2023,,65,36,0,0,0
5/6/2023,,71,38,0,0,0
5/7/2023,,71,45,0.01,0,0
5/8/2023,,80,49,0.21,0,0
5/9/2023,,65,45,0.04,0,0
5/10/2023,,72,40,0,0,0
5/11/2023,,78,42,0,0,0
5/12/2023,,81,48,0,0,0
5/13/2023,,80,51,0,0,0
5/14/2023,,75,52,0,0,0
5/15/2023,,69,39,0,0,0
5/16/2023,,76,41,0,0,0
5/17/2023,,78,38,0,0,0
5/18/2023,,63,32,0,0,0
5/19/2023,,69,36,0,0,0
5/20/2023,,75,41,0.56,0,0
5/21/2023,,62,44,0,0,0
5/22/2023,,75,44,0,0,0
5/23/2023,,78,45,0,0,0
5/24/2023,,80,48,0,0,0
5/25/2023,,69,37,0,0,0
5/26/2023,,67,35,0,0,0
5/27/2023,,74,37,0,0,0
5/28/2023,,79,42,0,0,0
5/29/2023,,83,45,0,0,0
5/30/2023,,87,51,0,0,0
5/31/2023,,89,55,0,0,0
6/1/2023,,88,54,0,0,0
6/2/2023,,90,55,0,0,0
6/3/2023,,91,58,0,0,0
6/4/2023,,90,47,0,0,0
6/5/2023,,80,47,0,0,0
6/6/2023,,80,51,0,0,0
6/7/2023,,76,41,0,0,0
6/8/2023,,75,42,0,0,0
6/9/2023,,76,45,0,0,0
6/10/2023,,76,47,0,0,0
6/11/2023,,83,50,0,0,0
6/12/2023,,69,52,0.51,0,0
6/13/2023,,65,44,0.07,0,0
6/14/2023,,71,48,0.15,0,0
6/15/2023,,75,51,0,0,0
6/16/2023,,76,52,0.52,0,0
6/17/2023,,69,50,0,0,0
6/18/2023,,79,47,0,0,0
6/19/2023,,82,50,0,0,0
6/20/2023,,85,57,0,0,0
6/21/2023,,87,61,0,0,0
6/22/2023,,86,59,0,0,0
6/23/2023,,79,62,0,0,0
6/24/2023,,70,63,0.19,0,0
6/25/2023,,86,62,0,0,0
6/26/2023,,87,62,1.1,0,0
6/27/2023,,72,60,0.75,0,0
6/28/2023,,70,54,0,0,0
6/29/2023,,79,54,0,0,0
6/30/2023,,84,58,0,0,0
7/1/2023,,88,64,0,0,0
7/2/2023,,83,67,1.04,0,0
7/3/2023,,79,67,0.26,0,0
7/4/2023,,85,64,0,0,0
7/5/2023,,89,65,0,0,0
7/6/2023,,90,67,0,0,0
7/7/2023,,84,61,0,0,0
7/8/2023,,81,63,0,0,0
7/9/2023,,78,60,0.23,0,0
7/10/2023,,79,56,0,0,0
7/11/2023,,85,58,0,0,0
7/12/2023,,87,63,0.07,0,0
7/13/2023,,78,60,0.49,0,0
7/14/2023,,77,57,0,0,0
7/15/2023,,83,60,0.5,0,0
7/16/2023,,76,65,0.32,0,0
7/17/2023,,80,58,0,0,0
7/18/2023,,80,52,0,0,0
7/19/2023,,79,54,0,0,0
7/20/2023,,83,57,0,0,0
7/21/2023,,85,62,1.05,0,0
7/22/2023,,79,56,0,0,0
7/23/2023,,81,57,0,0,0
7/24/2023,,80,58,0.03,0,0
7/25/2023,,84,60,0,0,0
7/26/2023,,85,61,0,0,0
7/27/2023,,86,62,1.27,0,0
7/28/2023,,85,65,0,0,0
7/29/2023,,87,67,0.22,0,0
7/30/2023,,80,60,0.07,0,0
7/31/2023,,78,54,0,0,0
8/1/2023,,78,56,0,0,0
8/2/2023,,78,57,0,0,0
8/3/2023,,82,58,0,0,0
8/4/2023,,85,60,0,0,0
8/5/2023,,83,61,0,0,0
8/6/2023,,82,63,0.22,0,0
8/7/2023,,76,63,0.65,0,0
8/8/2023,,72,60,0.02,0,0
8/9/2023,,81,61,0,0,0
8/10/2023,,83,62,0,0,0
8/11/2023,,80,53,0.02,0,0
8/12/2023,,78,55,0.83,0,0
8/13/2023,,82,59,0.02,0,0
8/14/2023,,80,61,0,0,0
8/15/2023,,77,62,0.87,0,0
8/16/2023,,67,57,0.08,0,0
8/17/2023,,79,56,0,0,0
8/18/2023,,73,53,0.42,0,0
8/19/2023,,72,48,0,0,0
8/20/2023,,77,49,0,0,0
8/21/2023,,86,59,0,0,0
8/22/2023,,83,56,0,0,0
8/23/2023,,74,57,0,0,0
8/24/2023,,86,64,2.94,0,0
8/25/2023,,86,68,0.63,0,0
8/26/2023,,76,62,0,0,0
8/27/2023,,76,51,0,0,0
8/28/2023,,74,47,0,0,0
8/29/2023,,75,48,0,0,0
8/30/2023,,78,52,0.14,0,0
8/31/2023,,69,45,0,0,0
9/1/2023,,74,46,0,0,0
9/2/2023,,78,48,0,0,0
9/3/2023,,81,52,0,0,0
9/4/2023,,87,65,0,0,0
9/5/2023,,88,66,0,0,0
9/6/2023,,89,67,0,0,0
9/7/2023,,82,62,0.13,0,0
9/8/2023,,78,59,0.04,0,0
9/9/2023,,67,59,0,0,0
9/10/2023,,72,50,0,0,0
9/11/2023,,74,51,0,0,0
9/12/2023,,74,52,0.36,0,0
9/13/2023,,70,46,0.01,0,0
9/14/2023,,66,42,0,0,0
9/15/2023,,71,43,0,0,0
9/16/2023,,73,44,0,0,0
9/17/2023,,71,45,0,0,0
9/18/2023,,72,51,0,0,0
9/19/2023,,67,47,0,0,0
9/20/2023,,69,46,0.03,0,0
9/21/2023,,78,53,0,0,0
9/22/2023,,81,54,0,0,0
9/23/2023,,80,50,0,0,0
9/24/2023,,74,48,0,0,0
9/25/2023,,78,49,0,0,0
9/26/2023,,70,59,0,0,0
9/27/2023,,69,60,0.08,0,0
9/28/2023,,64,58,1.12,0,0
9/29/2023,,64,58,0.02,0,0
9/30/2023,,69,53,0,0,0
10/1/2023,,75,53,0,0,0
10/2/2023,,78,51,0,0,0
10/3/2023,,83,52,0,0,0
10/4/2023,,86,53,0,0,0
10/5/2023,,82,57,0,0,0
10/6/2023,,67,55,0.94,0,0
10/7/2023,,67,43,0.07,0,0
10/8/2023,,58,38,0.03,0,0
10/9/2023,,58,37,0,0,0
10/10/2023,,55,38,0,0,0
10/11/2023,,52,42,0.03,0,0
10/12/2023,,63,42,0,0,0
10/13/2023,,60,47,0,0,0
10/14/2023,,57,47,0.26,0,0
10/15/2023,,51,41,0.25,0,0
10/16/2023,,54,41,0.01,0,0
10/17/2023,,54,45,0,0,0
10/18/2023,,54,36,0,0,0
10/19/2023,,62,41,0,0,0
10/20/2023,,55,43,0.33,0,0
10/21/2023,,57,42,0.06,0,0
10/22/2023,,50,36,0.06,0,0
10/23/2023,,51,29,0,0,0
10/24/2023,,58,29,0,0,0
10/25/2023,,78,46,0,0,0
10/26/2023,,67,58,0.1,0,0
10/27/2023,,73,59,0.02,0,0
10/28/2023,,76,48,0.05,0,0
10/29/2023,,55,40,0.24,0,0
10/30/2023,,47,40,0.22,0,0
10/31/2023,,44,23,0,0,0
11/1/2023,,42,26,0.01,0.1,0
11/2/2023,,42,25,0,0,0
11/3/2023,,52,32,0,0,0
11/4/2023,,57,37,0.03,0,0
11/5/2023,,55,35,0,0,0
11/6/2023,,58,36,0,0,0
11/7/2023,,65,44,0,0,0
11/8/2023,,51,36,0,0,0
11/9/2023,,47,36,0.52,0,0
11/10/2023,,56,31,0,0,0
11/11/2023,,54,29,0,0,0
11/12/2023,,50,26,0,0,0
11/13/2023,,53,27,0,0,0
11/14/2023,,61,26,0,0,0
11/15/2023,,57,26,0,0,0
11/16/2023,,64,28,0,0,0
11/17/2023,,66,31,0,0,0
11/18/2023,,57,22,0.02,0,0
11/19/2023,,52,22,0,0,0
11/20/2023,,52,27,0,0,0
11/21/2023,,44,32,0.16,0,0
11/22/2023,,49,38,0.32,0,0
11/23/2023,,44,34,0,0,0
11/24/2023,,48,24,0,0,0
11/25/2023,,35,16,0,0,0
11/26/2023,,38,16,0,0,0
11/27/2023,,34,22,0.23,2.3,2
11/28/2023,,30,18,0.08,2,3
11/29/2023,,30,16,0,0,2
11/30/2023,,36,20,0,0,2
12/1/2023,,50,27,0.11,0,0
12/2/2023,,43,38,0.53,0,0
12/3/2023,,41,38,0.01,0,0
12/4/2023,,42,36,0.33,0,0
12/5/2023,,37,34,0.01,0,0
12/6/2023,,38,25,0.06,0,0
12/7/2023,,40,27,0.01,0.2,0
12/8/2023,,50,30,0,0,0
12/9/2023,,53,38,0,0,0
12/10/2023,,63,37,0,0,0
12/11/2023,,40,30,0.01,0,0
12/12/2023,,34,25,0,0,0
12/13/2023,,43,21,0,0,0
12/14/2023,,39,22,0,0,0
12/15/2023,,50,22,0,0,0
12/16/2023,,59,25,0,0,0
12/17/2023,,49,36,0.02,0,0
12/18/2023,,47,34,0.26,0,0
12/19/2023,,35,27,0.08,0.8,0
12/20/2023,,36,27,0,0,0
12/21/2023,,44,27,0,0,0
12/22/2023,,43,34,0,0,0
12/23/2023,,41,36,0.46,0,0
12/24/2023,,46,41,0.03,0,0
12/25/2023,,47,43,0.03,0,0
12/26/2023,,55,45,0.1,0,0
12/27/2023,,55,43,0.08,0,0
12/28/2023,,46,41,0.04,0,0
12/29/2023,,44,37,0.26,0,0
12/30/2023,,41,29,0.1,0,0
12/31/2023,,41,31,0.01,0.1,0
1/1/2024,,39,31,0.02,0.1,0
1/2/2024,,32,29,0,0,0
1/3/2024,,34,29,0.01,0,0
1/4/2024,,34,24,0.04,0.1,0
1/5/2024,,31,15,0,0,0
1/6/2024,,32,25,0,0,0
1/7/2024,,36,29,0.04,0.6,1
1/8/2024,,36,31,0.05,0.6,0
1/9/2024,,35,31,0.04,0.3,0
1/10/2024,,42,32,1.05,0.6,0
1/11/2024,,35,31,0.12,1.7,2
1/12/2024,,36,29,0.02,0.4,0
1/13/2024,,36,24,1.12,6.3,5
1/14/2024,,31,2,0.09,1.5,6
1/15/2024,,9,-6,0,0,5
1/16/2024,,9,-6,0.03,0.4,5
1/17/2024,,14,0,0.01,0.2,5
1/18/2024,,21,1,0.09,1,6
1/19/2024,,26,16,0.12,1.6,8
1/20/2024,,23,2,0.04,0.6,8
1/21/2024,,21,3,0,0,8
1/22/2024,,28,11,0,0.1,7
1/23/2024,,33,18,0.3,0.1,6
1/24/2024,,35,32,0.25,0,5
1/25/2024,,39,34,0.37,0,4
1/26/2024,,40,36,1.41,0,2
1/27/2024,,41,35,0.06,0,1
1/28/2024,,40,34,0.1,0.2,0
1/29/2024,,39,31,0.14,0.6,0
1/30/2024,,35,31,0.01,0.1,0
1/31/2024,,34,31,0.41,3.9,3
2/1/2024,,39,32,0,0,1
2/2/2024,,45,32,0,0,0
2/3/2024,,42,25,0,0,0
2/4/2024,,41,20,0,0,0
2/5/2024,,51,20,0,0,0
2/6/2024,,40,26,0,0,0
2/7/2024,,46,24,0,0,0
2/8/2024,,50,24,0,0,0
2/9/2024,,61,31,0,0,0
2/10/2024,,63,37,0.01,0,0
2/11/2024,,45,30,0,0,0
2/12/2024,,41,24,0,0,0
2/13/2024,,45,23,0,0,0
2/14/2024,,35,24,0,0.1,0
2/15/2024,,41,26,0,0,0
2/16/2024,,39,23,0.14,1.5,0
2/17/2024,,31,20,0,0.1,0
2/18/2024,,27,16,0,0,0
2/19/2024,,28,14,0,0,0
2/20/2024,,43,14,0,0,0
2/21/2024,,51,20,0,0,0
2/22/2024,,61,34,0,0,0
2/23/2024,,54,27,0,0,0
2/24/2024,,52,19,0,0.1,0
2/25/2024,,35,19,0,0,0
2/26/2024,,50,24,0,0,0
2/27/2024,,57,29,0,0,0
2/28/2024,,73,53,0.25,0,0
2/29/2024,,53,21,0,0,0
3/1/2024,,39,21,0,0,0
3/2/2024,,48,21,0,0,0
3/3/2024,,55,30,0,0,0
3/4/2024,,62,36,0,0,0
3/5/2024,,73,37,0,0,0
3/6/2024,,63,40,0.17,0,0
3/7/2024,,46,36,0,0,0
3/8/2024,,55,36,0,0,0
3/9/2024,,54,42,0.69,0,0
3/10/2024,,45,29,0.03,0.5,0
3/11/2024,,39,26,0.01,0.2,0
3/12/2024,,56,28,0,0,0
3/13/2024,,70,37,0,0,0
3/14/2024,,73,46,0.02,0,0
3/15/2024,,57,41,0.45,0,0
3/16/2024,,53,29,0,0,0
3/17/2024,,60,33,0.21,0,0
3/18/2024,,43,27,0,0.1,0
3/19/2024,,35,27,0.01,0.2,0
3/20/2024,,47,28,0,0.1,0
3/21/2024,,36,15,0.01,0.2,0
3/22/2024,,38,15,0.01,0.2,0
3/23/2024,,35,26,0.19,2,1
3/24/2024,,37,19,0,0,0
3/25/2024,,41,20,0,0,0
3/26/2024,,66,31,0.16,0,0
3/27/2024,,60,37,0.14,0,0
3/28/2024,,37,22,0,0,0
3/29/2024,,49,23,0,0,0
3/30/2024,,54,23,0.01,0,0
3/31/2024,,46,38,0.09,0,0
4/1/2024,,46,38,0.03,0,0
4/2/2024,,58,37,0.51,0,0
4/3/2024,,47,37,0.33,0,0
4/4/2024,,49,30,0.03,0,0
4/5/2024,,51,32,0.01,0.1,0
4/6/2024,,48,34,0,0,0
4/7/2024,,58,27,0,0,0
4/8/2024,,59,27,0.01,0,0
4/9/2024,,73,41,0,0,0
4/10/2024,,76,39,0,0,0
4/11/2024,,67,39,0.48,0,0
4/12/2024,,53,44,1.27,0,0
4/13/2024,,50,41,0.1,0,0
4/14/2024,,63,41,0,0,0
4/15/2024,,79,42,0,0,0
4/16/2024,,73,42,0,0,0
4/17/2024,,70,45,0,0,0
4/18/2024,,75,51,0.31,0,0
4/19/2024,,68,48,0.46,0,0
4/20/2024,,59,37,0,0,0
4/21/2024,,47,37,0,0,0
4/22/2024,,55,31,0,0,0
4/23/2024,,65,33,0,0,0
4/24/2024,,56,38,0.13,0,0
4/25/2024,,45,24,0.01,0,0
4/26/2024,,57,27,0,0,0
4/27/2024,,65,34,0.04,0,0
4/28/2024,,80,59,0.2,0,0
4/29/2024,,80,61,0.41,0,0
4/30/2024,,79,52,0.2,0,0
5/1/2024,,72,45,0,0,0
5/2/2024,,81,46,0,0,0
5/3/2024,,74,47,0.11,0,0
5/4/2024,,72,52,0.1,0,0
5/5/2024,,72,57,0.01,0,0
5/6/2024,,67,47,0,0,0
5/7/2024,,69,43,0,0,0
5/8/2024,,71,48,0.22,0,0
5/9/2024,,77,51,0,0,0
5/10/2024,,56,41,0.46,0,0
5/11/2024,,66,43,0.33,0,0
5/12/2024,,57,41,0.01,0,0
5/13/2024,,72,43,0,0,0
5/14/2024,,81,58,0,0,0
5/15/2024,,75,53,0,0,0
5/16/2024,,76,45,0.01,0,0
5/17/2024,,79,47,0.02,0,0
5/18/2024,,80,56,0.02,0,0
5/19/2024,,82,56,0,0,0
5/20/2024,,89,58,0.51,0,0
5/21/2024,,87,59,0,0,0
5/22/2024,,88,63,0,0,0
5/23/2024,,85,52,0,0,0
5/24/2024,,80,47,0,0,0
5/25/2024,,82,50,0,0,0
5/26/2024,,79,49,0,0,0
5/27/2024,,78,56,1.11,0,0
5/28/2024,,67,53,0,0,0
5/29/2024,,73,54,0.07,0,0
5/30/2024,,69,41,0.06,0,0
5/31/2024,,72,41,0,0,0
6/1/2024,,77,45,0,0,0
6/2/2024,,79,50,0.31,0,0
6/3/2024,,73,52,0.02,0,0
6/4/2024,,79,57,0,0,0
6/5/2024,,85,60,0,0,0
6/6/2024,,82,57,0.45,0,0
6/7/2024,,78,58,0,0,0
6/8/2024,,70,48,0,0,0
6/9/2024,,77,52,0.45,0,0
6/10/2024,,75,51,0,0,0
6/11/2024,,69,42,0,0,0
6/12/2024,,74,46,0,0,0
6/13/2024,,85,58,0,0,0
6/14/2024,,89,58,0.05,0,0
6/15/2024,,82,49,0,0,0
6/16/2024,,80,52,0,0,0
6/17/2024,,87,56,0.75,0,0
6/18/2024,,92,67,0.37,0,0
6/19/2024,,90,72,0,0,0
6/20/2024,,90,68,0.93,0,0
6/21/2024,,91,66,0,0,0
6/22/2024,,90,68,0,0,0
6/23/2024,,90,67,0.11,0,0
6/24/2024,,78,61,0.12,0,0
6/25/2024,,84,62,0,0,0
6/26/2024,,83,65,0.47,0,0
6/27/2024,,79,55,0,0,0
6/28/2024,,73,55,0,0,0
6/29/2024,,73,57,0.95,0,0
6/30/2024,,87,60,0.58,0,0
7/1/2024,,69,46,0,0,0
7/2/2024,,76,51,0,0,0
7/3/2024,,80,56,0,0,0
7/4/2024,,85,63,0,0,0
7/5/2024,,82,62,0.01,0,0
7/6/2024,,80,61,0.22,0,0
7/7/2024,,79,56,0,0,0
7/8/2024,,84,59,0,0,0
7/9/2024,,88,66,0,0,0
7/10/2024,,81,66,1.44,0,0
7/11/2024,,69,62,0.92,0,0
7/12/2024,,82,64,0,0,0
7/13/2024,,84,62,0.02,0,0
7/14/2024,,88,64,0.19,0,0
7/15/2024,,85,70,0.05,0,0
7/16/2024,,86,68,0.8,0,0
7/17/2024,,86,66,0.02,0,0
7/18/2024,,82,56,0,0,0
7/19/2024,,74,51,0,0,0
7/20/2024,,80,53,0,0,0
7/21/2024,,78,56,0,0,0
7/22/2024,,83,61,0,0,0
7/23/2024,,80,59,0.27,0,0
7/24/2024,,84,61,0,0,0
7/25/2024,,76,59,0,0,0
7/26/2024,,78,55,0,0,0
7/27/2024,,79,52,0,0,0
7/28/2024,,82,54,0,0,0
7/29/2024,,88,58,0.04,0,0
7/30/2024,,85,67,0.17,0,0
7/31/2024,,85,65,0.02,0,0
8/1/2024,,89,65,0,0,0
8/2/2024,,89,69,0.02,0,0
8/3/2024,,82,66,1.36,0,0
8/4/2024,,86,61,0,0,0
8/5/2024,,88,62,0,0,0
8/6/2024,,84,65,0.13,0,0
8/7/2024,,68,58,1.06,0,0
8/8/2024,,79,59,0,0,0
8/9/2024,,81,63,0,0,0
8/10/2024,,76,54,0,0,0
8/11/2024,,72,53,0,0,0
8/12/2024,,74,52,0,0,0
8/13/2024,,78,54,0,0,0
8/14/2024,,81,55,0,0,0
8/15/2024,,84,56,0,0,0
8/16/2024,,80,57,0.03,0,0
8/17/2024,,80,67,0.13,0,0
8/18/2024,,80,65,0.01,0,0
8/19/2024,,78,59,0.09,0,0
8/20/2024,,71,49,0,0,0
8/21/2024,,70,45,0,0,0
8/22/2024,,73,46,0,0,0
8/23/2024,,78,47,0,0,0
8/24/2024,,80,49,0,0,0
8/25/2024,,85,56,0.33,0,0
8/26/2024,,90,65,0.02,0,0
8/27/2024,,92,65,0,0,0
8/28/2024,,94,68,3.08,0,0
8/29/2024,,85,65,0.16,0,0
8/30/2024,,82,65,0,0,0
8/31/2024,,90,68,0.26,0,0
9/1/2024,,82,58,0,0,0
9/2/2024,,77,46,0,0,0
9/3/2024,,71,44,0,0,0
9/4/2024,,74,45,0,0,0
9/5/2024,,78,47,0,0,0
9/6/2024,,85,51,0.01,0,0
9/7/2024,,72,48,0,0,0
9/8/2024,,60,40,0,0,0
9/9/2024,,71,40,0,0,0
9/10/2024,,78,51,0,0,0
9/11/2024,,80,51,0,0,0
9/12/2024,,84,54,0,0,0
9/13/2024,,85,55,0,0,0
9/14/2024,,82,55,0,0,0
9/15/2024,,83,55,0,0,0
9/16/2024,,85,52,0,0,0
9/17/2024,,82,50,0,0,0
9/18/2024,,81,51,0,0,0
9/19/2024,,83,54,0,0,0
9/20/2024,,83,54,0,0,0
9/21/2024,,84,59,0.03,0,0
9/22/2024,,85,55,0,0,0
9/23/2024,,82,56,0.5,0,0
9/24/2024,,66,57,0,0,0
9/25/2024,,70,60,0.09,0,0
9/26/2024,,79,55,0,0,0
9/27/2024,,71,55,0,0,0
9/28/2024,,72,61,0.09,0,0
9/29/2024,,68,63,0.54,0,0
9/30/2024,,71,58,0.01,0,0
10/1/2024,,73,57,0,0,0
10/2/2024,,79,44,0.02,0,0
10/3/2024,,69,43,0,0,0
10/4/2024,,78,44,0,0,0
10/5/2024,,70,45,0,0,0
10/6/2024,,70,45,0,0,0
10/7/2024,,78,52,0,0,0
10/8/2024,,66,45,0,0,0
10/9/2024,,70,36,0,0,0
10/10/2024,,65,35,0,0,0
10/11/2024,,67,35,0,0,0
10/12/2024,,80,42,0,0,0
10/13/2024,,68,49,0.88,0,0
10/14/2024,,53,42,0.53,0,0
10/15/2024,,54,36,0,0,0
10/16/2024,,52,37,0,0,0
10/17/2024,,56,31,0,0,0
10/18/2024,,63,31,0,0,0
10/19/2024,,68,31,0,0,0
10/20/2024,,72,35,0,0,0
10/21/2024,,77,36,0,0,0
10/22/2024,,80,42,0,0,0
10/23/2024,,77,42,0.02,0,0
10/24/2024,,69,33,0,0,0
10/25/2024,,61,32,0.04,0,0
10/26/2024,,59,36,0.01,0,0
10/27/2024,,56,28,0,0,0
10/28/2024,,59,28,0,0,0
10/29/2024,,63,31,0,0,0
10/30/2024,,78,60,0,0,0
10/31/2024,,77,61,0,0,0
11/1/2024,,74,46,0,0,0
11/2/2024,,51,29,0,0,0
11/3/2024,,57,29,0,0,0
11/4/2024,,62,41,0.01,0,0
11/5/2024,,70,59,0.02,0,0
11/6/2024,,73,55,0.06,0,0
11/7/2024,,68,43,0,0,0
11/8/2024,,62,42,0,0,0
11/9/2024,,61,32,0,0,0
11/10/2024,,56,33,0.45,0,0
11/11/2024,,58,45,0.26,0,0
11/12/2024,,60,33,0,0,0
11/13/2024,,52,29,0,0,0
11/14/2024,,53,31,0.24,0,0
11/15/2024,,47,43,0.26,0,0
11/16/2024,,51,45,0,0,0
11/17/2024,,50,43,0,0,0
11/18/2024,,53,39,0.05,0,0
11/19/2024,,58,39,0.05,0,0
11/20/2024,,63,39,0.16,0,0
11/21/2024,,49,31,0.05,0.8,1
11/22/2024,,39,32,0.02,0.3,0
11/23/2024,,46,36,0.05,0,0
11/24/2024,,45,40,0,0,0
11/25/2024,,44,39,0.02,0,0
11/26/2024,,49,39,0.02,0,0
11/27/2024,,45,30,0,0,0
11/28/2024,,46,31,0,0,0
11/29/2024,,38,27,0.16,2.3,2
11/30/2024,,30,22,0.04,0.9,2
12/1/2024,,26,22,0.04,1.4,2
12/2/2024,,29,21,0.03,1.1,1
12/3/2024,,37,22,0,0,0
12/4/2024,,36,23,0,0,0
12/5/2024,,37,18,0.1,1.3,1
12/6/2024,,30,14,0,0,1
12/7/2024,,33,22,0,0,0
12/8/2024,,44,27,0,0,0
12/9/2024,,52,30,0.36,0,0
12/10/2024,,52,36,0.02,0,0
12/11/2024,,49,32,0,0,0
12/12/2024,,34,12,0.04,0.9,1
12/13/2024,,19,5,0,0,1
12/14/2024,,23,6,0,0,0
12/15/2024,,38,16,0.47,0,0
12/16/2024,,46,34,0.07,0,0
12/17/2024,,53,38,0.17,0,0
12/18/2024,,40,34,0,0,0
12/19/2024,,36,30,0.02,0.1,0
12/20/2024,,33,30,0.03,0.8,1
12/21/2024,,34,19,0.1,1.4,1
12/22/2024,,26,6,0,0,0
12/23/2024,,28,7,0,0,0
12/24/2024,,34,26,0.13,0.4,1
12/25/2024,,35,30,0,0,0
12/26/2024,,37,30,0.02,0,0
12/27/2024,,42,34,0.02,0,0
12/28/2024,,52,38,0.11,0,0
12/29/2024,,58,38,0.45,0,0
12/30/2024,,44,35,1.1,0.1,0
12/31/2024,,49,29,0.02,0,0
1/1/2025,,41,32,0.19,1.1,1
1/2/2025,,35,27,0.03,0.4,1
1/3/2025,,28,25,0,0.1,0
1/4/2025,,29,19,0.01,0.3,0
1/5/2025,,23,12,0,0.1,0
1/6/2025,,26,15,0,0,0
1/7/2025,,26,20,0.01,0.3,0
1/8/2025,,29,22,0,0,0
1/9/2025,,25,5,0,0,0
1/10/2025,,29,4,0,0,0
1/11/2025,,25,17,0.2,2.1,2
1/12/2025,,37,23,0,0,2
1/13/2025,,33,24,0.03,0.5,2
1/14/2025,,24,12,0,0.2,2
1/15/2025,,21,8,0.03,1.2,2
1/16/2025,,27,10,0.03,0.7,3
1/17/2025,,32,18,0.05,0.9,3
1/18/2025,,39,22,0.12,0,2
1/19/2025,,36,14,0.06,0,1
1/20/2025,,20,3,0,0.2,1
1/21/2025,,13,4,0,0,1
1/22/2025,,10,-4,0,0.1,1
1/23/2025,,17,-3,0.06,1,2
1/24/2025,,26,14,0.05,1.1,3
1/25/2025,,24,10,0,0.1,3
1/26/2025,,37,19,0,0.1,2
1/27/2025,,31,18,0,0,2
1/28/2025,,39,19,0,0,2
1/29/2025,,41,28,0,0,1
1/30/2025,,41,20,0,0,0
1/31/2025,,48,20,0.04,0,0
2/1/2025,,38,19,0.68,0.6,0
2/2/2025,,27,19,0,0,0
2/3/2025,,34,22,0.1,1.2,1
2/4/2025,,43,26,0.02,0,0
2/5/2025,,29,16,0,0,0
2/6/2025,,28,17,0.06,0,0
2/7/2025,,33,15,0,0,0
2/8/2025,,31,15,0,0,0
2/9/2025,,29,22,0.1,0.8,1
2/10/2025,,30,8,0,0,1
2/11/2025,,34,14,0,0,0
2/12/2025,,35,17,0,0,0
2/13/2025,,27,21,0.31,3.2,3
2/14/2025,,33,4,0.02,0.5,3
2/15/2025,,25,4,0.02,0.3,3
2/16/2025,,34,25,0.27,2,4
2/17/2025,,28,16,0.08,1.5,5
2/18/2025,,20,-1,0,0.1,5
2/19/2025,,20,2,0,0,4
2/20/2025,,18,9,0.03,0.4,4
2/21/2025,,24,14,0.03,0.3,5
2/22/2025,,35,15,0,0,4
2/23/2025,,34,15,0,0,4
2/24/2025,,37,21,0,0,4
2/25/2025,,52,34,0.07,0,1
2/26/2025,,56,26,0.07,0,0
2/27/2025,,37,29,0.24,0.6,0
2/28/2025,,46,26,0.01,0,0
3/1/2025,,55,23,0.01,0,0
3/2/2025,,27,12,0,0,0
3/3/2025,,32,12,0,0,0
3/4/2025,,38,15,0.03,0,0
3/5/2025,,47,34,0.63,0,0
3/6/2025,,56,26,0.16,0.2,0
3/7/2025,,38,25,0,0,0
3/8/2025,,39,22,0.06,0.6,0
3/9/2025,,39,22,0,0,0
3/10/2025,,56,32,0,0,0
3/11/2025,,67,32,0,0,0
3/12/2025,,58,28,0,0,0
3/13/2025,,49,23,0,0,0
3/14/2025,,60,24,0,0,0
3/15/2025,,74,33,0.03,0,0
3/16/2025,,72,54,0.73,0,0
3/17/2025,,58,26,0.23,0,0
3/18/2025,,46,27,0,0,0
3/19/2025,,70,37,0,0,0
3/20/2025,,73,44,0.18,0,0
3/21/2025,,44,24,0.12,0.1,0
3/22/2025,,54,24,0,0,0
3/23/2025,,46,22,0,0,0
3/24/2025,,42,24,0.17,0,0
3/25/2025,,39,28,0,0,0
3/26/2025,,48,25,0,0,0
3/27/2025,,46,22,0,0,0
3/28/2025,,58,23,0,0,0
3/29/2025,,65,44,0.11,0,0
3/30/2025,,67,54,0.32,0,0
3/31/2025,,69,42,0.39,0,0
4/1/2025,,44,23,0,0,0
4/2/2025,,45,23,0.02,0,0
4/3/2025,,64,33,2.55,0,0
4/4/2025,,65,32,0,0,0
4/5/2025,,53,33,0.04,0,0
4/6/2025,,49,35,0.11,0,0
4/7/2025,,47,31,0,0,0
4/8/2025,,47,22,0.02,0.1,0
4/9/2025,,41,21,0,0,0
4/10/2025,,46,21,0.46,1.8,2
4/11/2025,,37,29,0.01,0,0
4/12/2025,,53,24,0,0,0
4/13/2025,,58,25,0,0,0
4/14/2025,,59,40,0.02,0,0
4/15/2025,,72,42,0,0,0
4/16/2025,,45,33,0.02,0,0
4/17/2025,,53,27,0,0,0
4/18/2025,,64,28,0,0,0
4/19/2025,,82,57,0.02,0,0
4/20/2025,,66,40,0,0,0
4/21/2025,,60,40,0.04,0,0
4/22/2025,,71,41,0.01,0,0
4/23/2025,,67,42,0,0,0
4/24/2025,,79,44,0,0,0
4/25/2025,,84,46,0,0,0
4/26/2025,,78,47,0.42,0,0
4/27/2025,,57,34,0,0,0
4/28/2025,,68,36,0,0,0
4/29/2025,,76,38,0,0,0
4/30/2025,,85,36,0,0,0
5/1/2025,,66,39,0.17,0,0
5/2/2025,,73,43,0.33,0,0
5/3/2025,,71,46,0,0,0
5/4/2025,,58,43,0,0,0
5/5/2025,,53,45,1.63,0,0
5/6/2025,,68,51,0.41,0,0
5/7/2025,,62,49,0.38,0,0
5/8/2025,,76,44,0.02,0,0
5/9/2025,,61,33,0,0,0
5/10/2025,,65,37,0,0,0
5/11/2025,,79,41,0,0,0
5/12/2025,,70,40,0,0,0
5/13/2025,,82,42,0.07,0,0
5/14/2025,,69,58,0.15,0,0
5/15/2025,,78,56,0,0,0
5/16/2025,,83,56,0.43,0,0
5/17/2025,,84,58,0,0,0
5/18/2025,,61,51,0,0,0
5/19/2025,,67,49,0,0,0
5/20/2025,,61,39,0,0,0
5/21/2025,,55,42,0.56,0,0
5/22/2025,,54,47,0.27,0,0
5/23/2025,,55,40,0.01,0,0
5/24/2025,,57,41,0,0,0
5/25/2025,,63,39,0,0,0
5/26/2025,,67,41,0,0,0
5/27/2025,,72,44,0,0,0
5/28/2025,,74,52,0,0,0
5/29/2025,,60,53,0.05,0,0
5/30/2025,,66,49,0,0,0
5/31/2025,,77,50,0.01,0,0
6/1/2025,,64,41,0,0,0
6/2/2025,,68,41,0,0,0
6/3/2025,,79,44,0,0,0
6/4/2025,,87,52,0,0,0
6/5/2025,,83,56,1.19,0,0
6/6/2025,,67,56,0.08,0,0
6/7/2025,,76,50,0.01,0,0
6/8/2025,,78,54,0,0,0
6/9/2025,,78,57,0,0,0
6/10/2025,,78,49,0.03,0,0
6/11/2025,,74,52,0,0,0
6/12/2025,,84,57,0,0,0
6/13/2025,,79,54,0.02,0,0
6/14/2025,,72,56,0.14,0,0
6/15/2025,,75,52,0,0,0
6/16/2025,,82,55,0,0,0
6/17/2025,,83,58,0,0,0
6/18/2025,,86,63,0,0,0
6/19/2025,,83,66,1.35,0,0
6/20/2025,,75,58,0.06,0,0
6/21/2025,,81,61,0.02,0,0
6/22/2025,,90,71,0,0,0
6/23/2025,,93,72,0,0,0
6/24/2025,,94,72,0,0,0
6/25/2025,,91,71,0.17,0,0
6/26/2025,,87,61,1.42,0,0
6/27/2025,,83,65,0.31,0,0
6/28/2025,,90,69,0.01,0,0
6/29/2025,,81,61,0,0,0
6/30/2025,,88,63,0,0,0
7/1/2025,,84,71,0.02,0,0
7/2/2025,,83,60,0,0,0
7/3/2025,,86,63,0,0,0
7/4/2025,,85,59,0,0,0
7/5/2025,,89,62,0.02,0,0
7/6/2025,,91,68,0,0,0
7/7/2025,,91,67,0.11,0,0
7/8/2025,,74,55,0,0,0
7/9/2025,,83,58,0.63,0,0
7/10/2025,,80,62,0.14,0,0
7/11/2025,,84,63,0,0,0
7/12/2025,,85,67,0.09,0,0
7/13/2025,,87,69,0.12,0,0
7/14/2025,,86,61,0,0,0
7/15/2025,,83,60,0,0,0
7/16/2025,,86,62,0.13,0,0
7/17/2025,,86,69,0.17,0,0
7/18/2025,,76,55,0,0,0
7/19/2025,,77,57,0,0,0
7/20/2025,,81,59,0,0,0
7/21/2025,,78,55,0,0,0
7/22/2025,,79,51,0,0,0
7/23/2025,,81,53,0,0,0
7/24/2025,,87,56,0,0,0
7/25/2025,,94,71,0.03,0,0
7/26/2025,,85,70,0.19,0,0
7/27/2025,,81,72,0.11,0,0
7/28/2025,,89,68,0,0,0
7/29/2025,,89,67,0.3,0,0
7/30/2025,,86,69,0,0,0
7/31/2025,,87,58,1.08,0,0
8/1/2025,,74,52,0.02,0,0
8/2/2025,,76,50,0,0,0
8/3/2025,,77,51,0,0,0
8/4/2025,,79,53,0,0,0
8/5/2025,,81,57,0,0,0
8/6/2025,,83,60,0,0,0
8/7/2025,,86,63,0,0,0
8/8/2025,,86,64,0,0,0
8/9/2025,,88,65,0,0,0
8/10/2025,,89,67,0,0,0
8/11/2025,,91,68,0,0,0
8/12/2025,,89,69,0.07,0,0
8/13/2025,,90,68,0.68,0,0
8/14/2025,,82,61,0,0,0
8/15/2025,,86,61,0,0,0
8/16/2025,,86,62,0,0,0
8/17/2025,,91,66,1.23,0,0
8/18/2025,,83,54,0,0,0
8/19/2025,,81,55,0.02,0,0
8/20/2025,,79,64,0.4,0,0
8/21/2025,,70,64,0,0,0
8/22/2025,,75,54,0,0,0
8/23/2025,,81,56,0,0,0
8/24/2025,,79,54,0.04,0,0
8/25/2025,,76,52,0,0,0
8/26/2025,,69,47,0.01,0,0
8/27/2025,,70,45,0,0,0
8/28/2025,,74,46,0,0,0
8/29/2025,,72,45,0.03,0,0
8/30/2025,,68,42,0,0,0
8/31/2025,,72,43,0,0,0
9/1/2025,,75,45,0,0,0
9/2/2025,,79,46,0,0,0
9/3/2025,,81,49,0,0,0
9/4/2025,,81,52,0.35,0,0
9/5/2025,,67,45,0,0,0
9/6/2025,,71,48,0,0,0
9/7/2025,,65,42,0,0,0
9/8/2025,,69,41,0,0,0
9/9/2025,,70,41,0,0,0
9/10/2025,,76,43,0,0,0
9/11/2025,,78,48,0,0,0
9/12/2025,,79,49,0,0,0
9/13/2025,,80,49,0,0,0
9/14/2025,,77,50,0,0,0
9/15/2025,,82,50,0,0,0
9/16/2025,,84,51,0,0,0
9/17/2025,,83,51,0,0,0
9/18/2025,,83,51,0,0,0
9/19/2025,,86,53,0,0,0
9/20/2025,,82,56,0,0,0
9/21/2025,,81,56,0,0,0
9/22/2025,,74,60,0.17,0,0
9/23/2025,,75,59,0.12,0,0
9/24/2025,,72,59,0.38,0,0
9/25/2025,,74,59,0.05,0,0
9/26/2025,,75,54,0,0,0
9/27/2025,,79,53,0,0,0
9/28/2025,,85,53,0,0,0
9/29/2025,,80,49,0,0,0
9/30/2025,,82,49,0,0,0
10/1/2025,,81,51,0,0,0
10/2/2025,,73,45,0,0,0
10/3/2025,,78,45,0,0,0
10/4/2025,,86,46,0,0,0
10/5/2025,,89,53,0,0,0
10/6/2025,,86,54,0,0,0
10/7/2025,,85,57,0,0,0
10/8/2025,,67,42,0.22,0,0
10/9/2025,,61,34,0,0,0
10/10/2025,,62,34,0,0,0
10/11/2025,,69,35,0,0,0
10/12/2025,,64,42,0,0,0
10/13/2025,,71,44,0,0,0
10/14/2025,,75,45,0,0,0
10/15/2025,,73,45,0.01,0,0
10/16/2025,,63,36,0.02,0,0
10/17/2025,,66,36,0,0,0
10/18/2025,,67,41,0,0,0
10/19/2025,,83,54,0.67,0,0
10/20/2025,,63,40,0.46,0,0
10/21/2025,,64,40,0.05,0,0
10/22/2025,,64,43,0.21,0,0
10/23/2025,,50,42,0.05,0,0
10/24/2025,,54,40,0.08,0,0
10/25/2025,,51,30,0,0,0
10/26/2025,,57,30,0,0,0
10/27/2025,,56,32,0,0,0
10/28/2025,,59,37,0,0,0
10/29/2025,,59,39,0,0,0
10/30/2025,,59,39,0.01,0,0
10/31/2025,,52,36,0,0,0
11/1/2025,,53,35,0,0,0
11/2/2025,,53,27,0,0,0
11/3/2025,,58,28,0,0,0
11/4/2025,,60,33,0,0,0
11/5/2025,,63,34,0,0,0
11/6/2025,,57,27,0,0,0
11/7/2025,,56,27,0.08,0,0
11/8/2025,,58,39,0.1,0,0
11/9/2025,,43,32,0.19,1,1
11/10/2025,,35,22,0.28,1.9,2
11/11/2025,,31,21,0,0,1
11/12/2025,,38,29,0,0,0
11/13/2025,,51,27,0,0,0
11/14/2025,,53,28,0,0,0
11/15/2025,,61,34,0,0,0
11/16/2025,,66,39,0,0,0
11/17/2025,,46,26,0,0,0
11/18/2025,,46,23,0,0,0
11/19/2025,,40,33,0.06,0.1,0
11/20/2025,,48,29,0,0,0
11/21/2025,,46,37,0,0,0
11/22/2025,,51,28,0,0,0
11/23/2025,,45,28,0,0,0
11/24/2025,,54,24,0,0,0
11/25/2025,,50,24,0,0,0
11/26/2025,,50,40,0.33,0,0
11/27/2025,,40,30,0.05,1.3,1
11/28/2025,,35,25,0,0.1,0
11/29/2025,,33,25,0,0,0
11/30/2025,,35,25,0.54,5.4,5
12/1/2025,,34,11,0.02,0.4,5
12/2/2025,,30,11,0.07,0.9,5
12/3/2025,,32,16,0,0,4
12/4/2025,,28,18,0.04,0.7,5
12/5/2025,,25,0,0,0,4
12/6/2025,,28,0,0,0,4
12/7/2025,,34,26,0.05,0.5,4
12/8/2025,,33,8,0.08,1.4,6
12/9/2025,,29,7,0,0,5
12/10/2025,,36,18,0.59,2,6
12/11/2025,,38,22,0.14,0.2,5
12/12/2025,,27,21,0,0.1,5
12/13/2025,,31,19,0,0.1,5
12/14/2025,,29,5,0.01,0.1,5
12/15/2025,,20,4,0,0,5
12/16/2025,,20,14,0.02,0.3,5
12/17/2025,,38,20,0,0,5
12/18/2025,,46,27,0,0,4
12/19/2025,,53,23,0.32,0.2,0
12/20/2025,,23,20,0.02,0.6,0
12/21/2025,,40,19,0,0,0
12/22/2025,,31,16,0,0,0
12/23/2025,,37,25,0.02,0,0
12/24/2025,,53,26,0,0,0
12/25/2025,,38,28,0,0,0
12/26/2025,,41,29,0.01,0,0
12/27/2025,,35,31,0.37,0,0
12/28/2025,,34,30,0.03,0,0
12/29/2025,,61,22,0.94,0.1,0
12/30/2025,,28,20,0.15,2.6,2
12/31/2025,,26,15,0.05,0.5,2
1/1/2026,,29,9,0.14,2.8,3
1/2/2026,,22,13,0.05,1.9,4
1/3/2026,,26,14,0.01,0.3,3
1/4/2026,,27,18,0.02,0.4,3
1/5/2026,,29,25,0,0,3
1/6/2026,,41,27,0.02,0,2
1/7/2026,,39,33,0.11,0,0
1/8/2026,,41,30,0,0,0
1/9/2026,,56,32,0.24,0,0
1/10/2026,,60,29,0,0,0
1/11/2026,,39,25,0.15,1,1
1/12/2026,,34,25,0,0,1
1/13/2026,,39,25,0,0,0
1/14/2026,,46,31,0.01,0,0
1/15/2026,,37,11,0.36,6.3,6
1/16/2026,,23,10,0.01,0.1,4
1/17/2026,,33,19,0.05,0.7,4
1/18/2026,,31,11,0,0,4
1/19/2026,,21,12,0.06,1,4
1/20/2026,,18,0,0.03,0.7,4
1/21/2026,,19,1,0.1,1.4,5
1/22/2026,,32,19,0.14,2.1,6
1/23/2026,,24,4,0.02,0.3,6
1/24/2026,,5,-12,0,0,5
1/25/2026,,9,-12,0.15,1,6
1/26/2026,,15,9,0.22,2.3,8
1/27/2026,,21,1,0.01,0.2,8
1/28/2026,,20,-2,0.04,0.9,8
1/29/2026,,18,2,0.03,0.5,8
1/30/2026,,16,0,0,0,7
1/31/2026,,19,0,0,0,7
2/1/2026,,18,1,0,0,7
2/2/2026,,30,2,0,0,
2/3/2026,,25,10,0.06,1.5,7
2/4/2026,,28,11,0,0,7
2/5/2026,,25,2,0,0,7
2/6/2026,,28,13,0.08,1.3,8
2/7/2026,,33,10,0.05,0.6,8
2/8/2026,,23,2,0,0,7
2/9/2026,,26,2,0,0,7
2/10/2026,,28,4,0,0,7
2/11/2026,,48,24,0,0,5
2/12/2026,,32,20,0,0,5
2/13/2026,,34,10,0,0,5
2/14/2026,,40,11,0,0,4
2/15/2026,,52,24,0,0,3
2/16/2026,,50,23,0,,2
2/17/2026,,50,24,0,0,1
2/18/2026,,56,35,0.01,0,0
2/19/2026,,66,33,0.12,0,0
2/20/2026,,40,35,0.66,0,0
2/21/2026,,42,31,0,0,0
2/22/2026,,34,26,0.08,1.4,1
2/23/2026,,32,24,0.09,1.3,2
2/24/2026,,28,15,0,0,1
2/25/2026,,34,16,0.06,0.9,1
2/26/2026,,37,10,0,0,0
2/27/2026,,35,10,0,0,0
2/28/2026,,57,25,0,0,0
3/1/2026,,46,17,0.04,0.5,1
3/2/2026,,31,13,0,0,0
3/3/2026,,38,17,0,0,0
3/4/2026,,39,24,0,0,0
3/5/2026,,51,26,0.27,0,0
3/6/2026,,45,36,0.46,0,0
3/7/2026,,58,36,1.55,0,0
3/8/2026,,65,40,0.2,0,0
3/9/2026,,60,39,0,0,0
3/10/2026,,72,42,0,0,0
3/11/2026,,75,46,0.62,0,0
3/12/2026,,61,27,0.22,0,0
3/13/2026,,45,,0.03,0.3,0
3/14/2026,,50,26,0.04,0,0
3/15/2026,,41,26,0,0,0
3/16/2026,,70,34,0.53,0,0
3/17/2026,,40,17,0.02,0.2,0
3/18/2026,,27,14,0.01,0.2,0
3/19/2026,,34,19,0,0,0
3/20/2026,,56,32,0,0,0
3/21/2026,,74,35,0,0,0
3/22/2026,,47,35,0,0,0
